fixed acidity,volatile acidity,citric acid,residual sugar,chlorides,total sulfur dioxide,density,pH,sulphates,alcohol,Id
7.3,0.65,0,1.2,0.065,21,0.9946,3.39,0.47,10,7
7.8,0.58,0.02,2,0.073,18,0.9968,3.36,0.57,9.5,8
6.7,0.58,0.08,1.8,0.097,65,0.9959,3.28,0.54,9.2,10
5.6,0.615,0,1.6,0.089,59,0.9943,3.58,0.52,9.9,12
7.8,0.61,0.29,1.6,0.114,29,0.9974,3.26,1.56,9.1,13
8.5,0.28,0.56,1.8,0.092,103,0.9969,3.3,0.75,10.5,16
7.9,0.32,0.51,1.8,0.341,56,0.9969,3.04,1.08,9.2,19
7.6,0.39,0.31,2.3,0.082,71,0.9982,3.52,0.65,9.7,21
7.9,0.43,0.21,1.6,0.106,37,0.9966,3.17,0.91,9.5,22
8.5,0.49,0.11,2.3,0.084,67,0.9968,3.17,0.53,9.4,23
6.9,0.4,0.14,2.4,0.085,40,0.9968,3.43,0.63,9.7,24
6.3,0.39,0.16,1.4,0.08,23,0.9955,3.34,0.56,9.3,25
8.1,0.38,0.28,2.1,0.066,30,0.9968,3.23,0.73,9.7,37
7.3,0.45,0.36,5.9,0.074,87,0.9978,3.33,0.83,10.5,40
8.8,0.61,0.3,2.8,0.088,46,0.9976,3.26,0.51,9.3,41
7.5,0.49,0.2,2.6,0.332,14,0.9968,3.21,0.9,10.5,42
8.1,0.66,0.22,2.2,0.069,23,0.9968,3.3,1.2,10.3,43
4.6,0.52,0.15,2.1,0.054,65,0.9934,3.9,0.56,13.1,45
7.7,0.935,0.43,2.2,0.114,114,0.997,3.25,0.73,9.2,46
8.8,0.66,0.26,1.7,0.074,23,0.9971,3.15,0.74,9.2,50
6.6,0.52,0.04,2.2,0.069,15,0.9956,3.4,0.63,9.4,51
6.6,0.5,0.04,2.1,0.068,14,0.9955,3.39,0.64,9.4,52
8.6,0.38,0.36,3,0.081,119,0.997,3.2,0.56,9.4,53
7.6,0.51,0.15,2.8,0.11,73,0.9955,3.17,0.63,10.2,54
10.2,0.42,0.57,3.4,0.07,10,0.9971,3.04,0.63,9.6,56
7.8,0.59,0.18,2.3,0.076,54,0.9975,3.43,0.59,10,58
7.3,0.39,0.31,2.4,0.074,46,0.9962,3.41,0.54,9.4,59
8.8,0.4,0.4,2.2,0.079,52,0.998,3.44,0.64,9.2,60
7.7,0.69,0.49,1.8,0.115,112,0.9968,3.21,0.71,9.3,61
7,0.735,0.05,2,0.081,54,0.9966,3.39,0.57,9.8,63
7.2,0.725,0.05,4.65,0.086,11,0.9962,3.41,0.39,10.9,64
8.3,0.625,0.2,1.5,0.08,119,0.9972,3.16,1.12,9.1,79
6.2,0.45,0.2,1.6,0.069,15,0.9958,3.41,0.56,9.2,80
5,1.02,0.04,1.4,0.045,85,0.9938,3.75,0.48,10.5,94
6.8,0.775,0,3,0.102,23,0.9965,3.45,0.56,10.7,96
7.6,0.9,0.06,2.5,0.079,10,0.9967,3.39,0.56,9.8,98
8.1,0.545,0.18,1.9,0.08,35,0.9972,3.3,0.59,9,99
8.3,0.61,0.3,2.1,0.084,50,0.9972,3.4,0.61,10.2,100
8.1,0.545,0.18,1.9,0.08,35,0.9972,3.3,0.59,9,102
8.1,0.575,0.22,2.1,0.077,65,0.9967,3.29,0.51,9.2,103
7.2,0.49,0.24,2.2,0.07,36,0.996,3.33,0.48,9.4,104
8.1,0.575,0.22,2.1,0.077,65,0.9967,3.29,0.51,9.2,105
7.8,0.41,0.68,1.7,0.467,69,0.9973,3.08,1.31,9.3,106
6.2,0.63,0.31,1.7,0.088,64,0.9969,3.46,0.79,9.3,107
7.8,0.56,0.19,1.8,0.104,47,0.9964,3.19,0.93,9.5,110
8.4,0.62,0.09,2.2,0.084,108,0.9964,3.15,0.66,9.8,111
10.1,0.31,0.44,2.3,0.08,46,0.9988,3.32,0.67,9.7,113
7.8,0.56,0.19,1.8,0.104,47,0.9964,3.19,0.93,9.5,114
9.4,0.4,0.31,2.2,0.09,62,0.9966,3.07,0.63,10.5,115
8.3,0.54,0.28,1.9,0.077,40,0.9978,3.39,0.61,10,116
7.3,1.07,0.09,1.7,0.178,89,0.9962,3.3,0.57,9,120
8.8,0.55,0.04,2.2,0.119,56,0.9962,3.21,0.6,10.9,121
7.3,0.695,0,2.5,0.075,13,0.998,3.49,0.52,9.2,122
7.8,0.5,0.17,1.6,0.082,102,0.996,3.39,0.48,9.5,124
8.2,1.33,0,1.7,0.081,12,0.9964,3.53,0.49,10.9,126
8.1,1.33,0,1.8,0.082,12,0.9964,3.54,0.48,10.9,127
8,0.59,0.16,1.8,0.065,16,0.9962,3.42,0.92,10.5,128
8,0.745,0.56,2,0.118,134,0.9968,3.24,0.66,9.4,130
5.6,0.5,0.09,2.3,0.049,99,0.9937,3.63,0.63,13,131
7.9,1.04,0.05,2.2,0.084,29,0.9959,3.22,0.55,9.9,134
8.4,0.745,0.11,1.9,0.09,63,0.9965,3.19,0.82,9.6,135
7.2,0.415,0.36,2,0.081,45,0.9972,3.48,0.64,9.2,137
8.4,0.745,0.11,1.9,0.09,63,0.9965,3.19,0.82,9.6,140
5.2,0.34,0,1.8,0.05,63,0.9916,3.68,0.79,14,142
6.3,0.39,0.08,1.7,0.066,20,0.9954,3.34,0.58,9.4,143
5.2,0.34,0,1.8,0.05,63,0.9916,3.68,0.79,14,144
8.1,0.67,0.55,1.8,0.117,141,0.9968,3.17,0.62,9.4,145
5.8,0.68,0.02,1.8,0.087,94,0.9944,3.54,0.52,10,146
6.9,0.49,0.1,2.3,0.074,30,0.9959,3.42,0.58,10.2,148
7.3,0.33,0.47,2.1,0.077,11,0.9958,3.33,0.53,10.3,150
9.2,0.52,1,3.4,0.61,69,0.9996,2.74,2,9.4,151
7.5,0.6,0.03,1.8,0.095,99,0.995,3.35,0.54,10.1,152
7.5,0.6,0.03,1.8,0.095,99,0.995,3.35,0.54,10.1,153
7.1,0.43,0.42,5.5,0.071,128,0.9973,3.42,0.71,10.5,155
7.1,0.43,0.42,5.5,0.07,129,0.9973,3.42,0.72,10.5,156
7.1,0.43,0.42,5.5,0.071,128,0.9973,3.42,0.71,10.5,157
7.1,0.68,0,2.2,0.073,22,0.9969,3.48,0.5,9.3,158
6.8,0.6,0.18,1.9,0.079,86,0.9968,3.59,0.57,9.3,159
7.6,0.95,0.03,2,0.09,20,0.9959,3.2,0.56,9.6,160
7.6,0.68,0.02,1.3,0.072,20,0.9965,3.17,1.08,9.2,161
7.8,0.53,0.04,1.7,0.076,31,0.9964,3.33,0.56,10,162
7.4,0.6,0.26,7.3,0.07,121,0.9982,3.37,0.49,9.4,163
7.3,0.59,0.26,7.2,0.07,121,0.9981,3.37,0.49,9.4,164
7.8,0.63,0.48,1.7,0.1,96,0.9961,3.19,0.62,9.5,165
6.8,0.64,0.1,2.1,0.085,101,0.9956,3.34,0.52,10.2,166
7.3,0.55,0.03,1.6,0.072,42,0.9956,3.37,0.48,9,167
6.8,0.63,0.07,2.1,0.089,44,0.9953,3.47,0.55,10.4,168
7.9,0.885,0.03,1.8,0.058,8,0.9972,3.36,0.33,9.1,170
8,0.42,0.17,2,0.073,18,0.9972,3.29,0.61,9.2,172
7.4,0.62,0.05,1.9,0.068,42,0.9961,3.42,0.57,11.5,173
6.9,0.5,0.04,1.5,0.085,49,0.9958,3.35,0.78,9.5,175
7.3,0.38,0.21,2,0.08,35,0.9961,3.33,0.47,9.5,176
7.5,0.52,0.42,2.3,0.087,38,0.9972,3.58,0.61,10.5,177
7,0.805,0,2.5,0.068,20,0.9969,3.48,0.56,9.6,178
8.8,0.61,0.14,2.4,0.067,42,0.9969,3.19,0.59,9.5,179
8.8,0.61,0.14,2.4,0.067,42,0.9969,3.19,0.59,9.5,180
8.9,0.61,0.49,2,0.27,110,0.9972,3.12,1.02,9.3,181
7.2,0.73,0.02,2.5,0.076,42,0.9972,3.44,0.52,9.3,182
6.8,0.61,0.2,1.8,0.077,65,0.9971,3.54,0.58,9.3,183
6.7,0.62,0.21,1.9,0.079,62,0.997,3.52,0.58,9.3,184
8.9,0.31,0.57,2,0.111,85,0.9971,3.26,0.53,9.7,185
7.4,0.39,0.48,2,0.082,67,0.9972,3.34,0.55,9.2,186
7.9,0.5,0.33,2,0.084,143,0.9968,3.2,0.55,9.5,188
8.2,0.5,0.35,2.9,0.077,127,0.9976,3.23,0.62,9.4,190
6.4,0.37,0.25,1.9,0.074,49,0.9974,3.57,0.62,9.8,191
7.6,0.55,0.21,2.2,0.071,28,0.9964,3.28,0.55,9.7,193
7.6,0.55,0.21,2.2,0.071,28,0.9964,3.28,0.55,9.7,194
7.3,0.58,0.3,2.4,0.074,55,0.9968,3.46,0.59,10.2,196
11.5,0.3,0.6,2,0.067,27,0.9981,3.11,0.97,10.1,197
6.9,1.09,0.06,2.1,0.061,31,0.9948,3.51,0.43,11.4,199
9.6,0.32,0.47,1.4,0.056,24,0.99695,3.22,0.82,10.3,200
7,0.43,0.36,1.6,0.089,37,0.99615,3.34,0.56,9.2,204
12.8,0.3,0.74,2.6,0.095,28,0.9994,3.2,0.77,10.8,205
12.8,0.3,0.74,2.6,0.095,28,0.9994,3.2,0.77,10.8,206
7.8,0.44,0.28,2.7,0.1,95,0.9966,3.22,0.67,9.4,208
9.7,0.53,0.6,2,0.039,19,0.99585,3.3,0.86,12.4,210
8,0.725,0.24,2.8,0.083,62,0.99685,3.35,0.56,10,211
8.2,0.57,0.26,2.2,0.06,65,0.9959,3.3,0.43,10.1,213
7.8,0.735,0.08,2.4,0.092,41,0.9974,3.24,0.71,9.8,214
7,0.49,0.49,5.6,0.06,121,0.9974,3.34,0.76,10.5,215
8.7,0.625,0.16,2,0.101,49,0.9962,3.14,0.57,11,216
8.1,0.725,0.22,2.2,0.072,41,0.9967,3.36,0.55,9.1,217
7.5,0.49,0.19,1.9,0.076,44,0.9957,3.39,0.54,9.7,218
7.8,0.34,0.37,2,0.082,58,0.9964,3.34,0.59,9.4,220
7.4,0.53,0.26,2,0.101,72,0.9957,3.15,0.57,9.4,221
6.8,0.61,0.04,1.5,0.057,10,0.99525,3.42,0.6,9.5,222
8.6,0.645,0.25,2,0.083,28,0.99815,3.28,0.6,10,223
7.7,0.43,0.25,2.6,0.073,63,0.99615,3.37,0.58,10.5,225
8.9,0.59,0.5,2,0.337,81,0.9964,3.04,1.61,9.5,226
5.2,0.48,0.04,1.6,0.054,106,0.9927,3.54,0.62,12.2,230
8,0.38,0.06,1.8,0.078,49,0.99625,3.37,0.52,9.9,231
8.5,0.37,0.2,2.8,0.09,58,0.998,3.34,0.7,9.6,232
8.2,1,0.09,2.3,0.065,37,0.99685,3.32,0.55,9,234
7.2,0.63,0,1.9,0.097,38,0.99675,3.37,0.58,9,235
8.9,0.635,0.37,1.7,0.263,62,0.9971,3,1.09,9.3,240
12,0.38,0.56,2.1,0.093,24,0.99925,3.14,0.71,10.9,241
7.7,0.58,0.1,1.8,0.102,109,0.99565,3.08,0.49,9.8,242
15,0.21,0.44,2.2,0.075,24,1.00005,3.07,0.84,9.2,243
15,0.21,0.44,2.2,0.075,24,1.00005,3.07,0.84,9.2,244
7.3,0.66,0,2,0.084,23,0.9983,3.61,0.96,9.9,245
7.1,0.68,0.07,1.9,0.075,51,0.99685,3.38,0.52,9.5,246
7.3,0.66,0,2,0.084,23,0.9983,3.61,0.96,9.9,249
10.8,0.32,0.44,1.6,0.063,37,0.9985,3.22,0.78,10,250
7.1,0.6,0,1.8,0.074,34,0.9972,3.47,0.7,9.9,251
11.1,0.35,0.48,3.1,0.09,21,0.9986,3.17,0.53,10.5,252
7.7,0.775,0.42,1.9,0.092,86,0.9959,3.23,0.59,9.5,253
8,0.57,0.23,3.2,0.073,119,0.99675,3.26,0.57,9.3,255
9.4,0.34,0.37,2.2,0.075,13,0.998,3.22,0.62,9.2,256
6.6,0.695,0,2.1,0.075,56,0.9968,3.49,0.67,9.2,257
7.7,0.41,0.76,1.8,0.611,45,0.9968,3.06,1.26,9.4,258
10,0.31,0.47,2.6,0.085,33,0.99965,3.36,0.8,10.5,259
7.9,0.33,0.23,1.7,0.077,45,0.99625,3.29,0.65,9.3,260
7,0.975,0.04,2,0.087,67,0.99565,3.35,0.6,9.4,261
8,0.52,0.03,1.7,0.07,35,0.99575,3.34,0.57,10,262
7.9,0.37,0.23,1.8,0.077,49,0.9963,3.28,0.67,9.3,263
12.5,0.56,0.49,2.4,0.064,27,0.9999,3.08,0.87,10.9,264
8.1,0.87,0,3.3,0.096,61,1.00025,3.6,0.72,9.8,266
7.9,0.35,0.46,3.6,0.078,37,0.9973,3.35,0.86,12.8,267
6.9,0.54,0.04,3,0.077,27,0.9987,3.69,0.91,9.4,268
11.5,0.18,0.51,4,0.104,23,0.9996,3.28,0.97,10.1,269
7.9,0.545,0.06,4,0.087,61,0.9965,3.36,0.67,10.7,270
7.9,0.545,0.06,4,0.087,61,0.9965,3.36,0.67,10.7,275
6.9,0.54,0.04,3,0.077,27,0.9987,3.69,0.91,9.4,276
11.5,0.18,0.51,4,0.104,23,0.9996,3.28,0.97,10.1,277
10.3,0.32,0.45,6.4,0.073,13,0.9976,3.23,0.82,12.6,278
8.9,0.4,0.32,5.6,0.087,47,0.9991,3.38,0.77,10.5,279
11.4,0.26,0.44,3.6,0.071,19,0.9986,3.12,0.82,9.3,280
7.7,0.27,0.68,3.5,0.358,10,0.9972,3.25,1.08,9.9,281
8.9,0.4,0.32,5.6,0.087,47,0.9991,3.38,0.77,10.5,283
9.9,0.59,0.07,3.4,0.102,71,1.00015,3.31,0.71,9.8,284
9.9,0.59,0.07,3.4,0.102,71,1.00015,3.31,0.71,9.8,285
12,0.45,0.55,2,0.073,49,0.9997,3.1,0.76,10.3,286
7.5,0.4,0.12,3,0.092,53,0.9967,3.37,0.7,10.3,287
8.7,0.52,0.09,2.5,0.091,49,0.9976,3.34,0.86,10.6,288
11.6,0.42,0.53,3.3,0.105,98,1.001,3.2,0.95,9.2,289
8.7,0.52,0.09,2.5,0.091,49,0.9976,3.34,0.86,10.6,290
10.4,0.55,0.23,2.7,0.091,48,0.9994,3.22,0.64,10.3,292
6.9,0.36,0.25,2.4,0.098,16,0.9964,3.41,0.6,10.1,293
13.3,0.34,0.52,3.2,0.094,53,1.0014,3.05,0.81,9.5,294
10.8,0.5,0.46,2.5,0.073,27,1.0001,3.05,0.64,9.5,295
10.6,0.83,0.37,2.6,0.086,70,0.9981,3.16,0.52,9.9,296
7.1,0.63,0.06,2,0.083,29,0.99855,3.67,0.73,9.6,297
7.2,0.65,0.02,2.3,0.094,31,0.9993,3.67,0.8,9.7,298
7.5,0.53,0.06,2.6,0.086,44,0.9965,3.38,0.59,10.7,300
11.1,0.18,0.48,1.5,0.068,15,0.9973,3.22,0.64,10.1,301
8.3,0.705,0.12,2.6,0.092,28,0.9994,3.51,0.72,10,302
8.4,0.65,0.6,2.1,0.112,90,0.9973,3.2,0.52,9.2,304
7.6,0.62,0.32,2.2,0.082,54,0.9966,3.36,0.52,9.4,306
10.3,0.41,0.42,2.4,0.213,14,0.9994,3.19,0.62,9.5,307
10.3,0.43,0.44,2.4,0.214,12,0.9994,3.19,0.63,9.5,308
7.9,0.53,0.24,2,0.072,105,0.996,3.27,0.54,9.4,311
9,0.46,0.31,2.8,0.093,98,0.99815,3.32,0.63,9.5,312
8.6,0.47,0.3,3,0.076,135,0.9976,3.3,0.53,9.4,313
7.4,0.36,0.29,2.6,0.087,72,0.99645,3.39,0.68,11,314
9.8,0.66,0.39,3.2,0.083,59,0.9989,3.37,0.71,11.5,318
9.6,0.77,0.12,2.9,0.082,74,0.99865,3.3,0.64,10.4,319
9.3,0.61,0.26,3.4,0.09,87,0.99975,3.24,0.62,9.7,321
10,0.49,0.2,11,0.071,50,1.0015,3.16,0.69,9.2,324
10,0.49,0.2,11,0.071,50,1.0015,3.16,0.69,9.2,325
11.6,0.53,0.66,3.65,0.121,14,0.9978,3.05,0.74,11.5,326
10.3,0.44,0.5,4.5,0.107,13,0.998,3.28,0.83,11.5,327
13.4,0.27,0.62,2.6,0.082,21,1.0002,3.16,0.67,9.7,328
8.4,0.56,0.08,2.1,0.105,44,0.9958,3.13,0.52,11,333
7.9,0.65,0.01,2.5,0.078,38,0.9963,3.34,0.74,11.7,334
11.9,0.695,0.53,3.4,0.128,21,0.9992,3.17,0.84,12.2,335
8.9,0.43,0.45,1.9,0.052,16,0.9948,3.35,0.7,12.5,336
7.8,0.43,0.32,2.8,0.08,58,0.9974,3.31,0.64,10.3,337
12.5,0.28,0.54,2.3,0.082,29,0.9997,3.11,1.36,9.8,339
10.9,0.39,0.47,1.8,0.118,14,0.9982,3.3,0.75,9.8,342
10.9,0.39,0.47,1.8,0.118,14,0.9982,3.3,0.75,9.8,343
11.9,0.57,0.5,2.6,0.082,32,1.0006,3.12,0.78,10.7,344
13.8,0.49,0.67,3,0.093,15,0.9986,3.02,0.93,12,347
9.6,0.56,0.31,2.8,0.089,46,0.9979,3.11,0.92,10,348
9.1,0.795,0,2.6,0.096,26,0.9994,3.35,0.83,9.4,351
7.7,0.665,0,2.4,0.09,19,0.9974,3.27,0.73,9.3,352
13.5,0.53,0.79,4.8,0.12,77,1.0018,3.18,0.77,13,353
6.1,0.21,0.4,1.4,0.066,165,0.9912,3.25,0.59,11.9,354
6.7,0.75,0.01,2.4,0.078,32,0.9955,3.55,0.61,12.8,355
11.5,0.41,0.52,3,0.08,55,1.0001,3.26,0.88,11,356
10.5,0.42,0.66,2.95,0.116,29,0.997,3.24,0.75,11.7,357
11.9,0.43,0.66,3.1,0.109,23,1,3.15,0.85,10.4,358
12.6,0.38,0.66,2.6,0.088,41,1.001,3.17,0.68,9.8,359
8.2,0.7,0.23,2,0.099,81,0.9973,3.19,0.7,9.4,360
8.6,0.45,0.31,2.6,0.086,50,0.9982,3.37,0.91,9.9,361
11.9,0.58,0.66,2.5,0.072,37,0.9992,3.05,0.56,10,362
12.5,0.46,0.63,2,0.071,15,0.9988,2.99,0.87,10.2,363
12.8,0.615,0.66,5.8,0.083,42,1.0022,3.07,0.73,10,364
12.8,0.615,0.66,5.8,0.083,42,1.0022,3.07,0.73,10,366
10.4,0.575,0.61,2.6,0.076,24,1,3.16,0.69,9,367
9.4,0.27,0.53,2.4,0.074,18,0.9962,3.2,1.13,12,369
7.9,0.24,0.4,1.6,0.056,25,0.9967,3.32,0.87,8.7,371
9.1,0.28,0.48,1.8,0.067,46,0.9967,3.32,1.04,10.6,372
11.5,0.45,0.5,3,0.078,47,1.0003,3.26,1.11,11,376
9.4,0.27,0.53,2.4,0.074,18,0.9962,3.2,1.13,12,377
11.4,0.625,0.66,6.2,0.088,24,0.9988,3.11,0.99,13.3,378
8.3,0.26,0.42,2,0.08,27,0.9974,3.21,0.8,9.4,380
7.7,0.51,0.28,2.1,0.087,54,0.998,3.42,0.74,9.2,384
7.8,0.46,0.26,1.9,0.088,53,0.9981,3.43,0.74,9.2,388
5.6,0.85,0.05,1.4,0.045,88,0.9924,3.56,0.82,12.9,390
13.7,0.415,0.68,2.9,0.085,43,1.0014,3.06,0.8,10,391
9.5,0.37,0.52,2,0.082,26,0.998,3.18,0.51,9.5,392
12,0.37,0.76,4.2,0.066,38,1.0004,3.22,0.6,13,395
6.6,0.735,0.02,7.9,0.122,124,0.9994,3.47,0.53,9.9,396
11.5,0.59,0.59,2.6,0.087,49,0.9988,3.18,0.65,11,397
8.7,0.765,0.22,2.3,0.064,42,0.9963,3.1,0.55,9.4,399
6.6,0.735,0.02,7.9,0.122,124,0.9994,3.47,0.53,9.9,400
12.2,0.48,0.54,2.6,0.085,64,1,3.1,0.61,10.5,402
11.4,0.6,0.49,2.7,0.085,41,0.9994,3.15,0.63,10.5,403
7.7,0.69,0.05,2.7,0.075,27,0.9974,3.26,0.61,9.1,404
9.8,0.44,0.47,2.5,0.063,28,0.9981,3.24,0.65,10.8,406
12,0.39,0.66,3,0.093,30,0.9996,3.18,0.63,10.8,407
12.5,0.46,0.49,4.5,0.07,49,0.9981,3.05,0.57,9.6,409
9,0.43,0.34,2.5,0.08,86,0.9987,3.38,0.62,9.5,410
7.1,0.735,0.16,1.9,0.1,77,0.9966,3.27,0.64,9.3,412
9.9,0.4,0.53,6.7,0.097,19,0.9986,3.27,0.82,11.7,413
8.8,0.52,0.34,2.7,0.087,122,0.9982,3.26,0.61,9.5,414
8.6,0.725,0.24,6.6,0.117,134,1.0014,3.32,1.07,9.3,415
10.6,0.48,0.64,2.2,0.111,20,0.997,3.26,0.66,11.7,416
7,0.58,0.12,1.9,0.091,124,0.9956,3.44,0.48,10.5,417
11.9,0.38,0.51,2,0.121,20,0.9996,3.24,0.76,10.4,418
6.8,0.77,0,1.8,0.066,52,0.9976,3.62,0.68,9.9,419
6.6,0.84,0.03,2.3,0.059,48,0.9952,3.52,0.56,12.3,421
7.7,0.96,0.2,2,0.047,60,0.9955,3.36,0.44,10.9,422
10.5,0.24,0.47,2.1,0.066,24,0.9978,3.15,0.9,11,423
6.6,0.84,0.03,2.3,0.059,48,0.9952,3.52,0.56,12.3,425
6.4,0.67,0.08,2.1,0.045,48,0.9949,3.49,0.49,11.4,426
9.5,0.78,0.22,1.9,0.077,32,0.9988,3.26,0.56,10.6,427
9.1,0.52,0.33,1.3,0.07,30,0.9978,3.24,0.6,9.3,428
12.8,0.84,0.63,2.4,0.088,35,0.9997,3.1,0.6,10.4,429
10.5,0.24,0.47,2.1,0.066,24,0.9978,3.15,0.9,11,430
7.8,0.55,0.35,2.2,0.074,66,0.9974,3.25,0.56,9.2,431
12.3,0.39,0.63,2.3,0.091,18,1.0004,3.16,0.49,9.5,433
10.4,0.41,0.55,3.2,0.076,54,0.9996,3.15,0.89,9.9,434
12.3,0.39,0.63,2.3,0.091,18,1.0004,3.16,0.49,9.5,435
8,0.67,0.3,2,0.06,62,0.9958,3.26,0.56,10.2,436
11.1,0.45,0.73,3.2,0.066,22,0.9986,3.17,0.66,11.2,437
7,0.62,0.18,1.5,0.062,50,0.9951,3.08,0.6,9.3,439
12.6,0.31,0.72,2.2,0.072,29,0.9987,2.88,0.82,9.8,440
15.6,0.685,0.76,3.7,0.1,43,1.0032,2.95,0.68,11.2,442
5.3,0.57,0.01,1.7,0.054,27,0.9934,3.57,0.84,12.5,444
12.5,0.38,0.6,2.6,0.081,72,0.9996,3.1,0.73,10.5,446
9.3,0.48,0.29,2.1,0.127,16,0.9968,3.22,0.72,11.2,447
8.6,0.53,0.22,2,0.1,27,0.9967,3.2,0.56,10.2,448
11.9,0.39,0.69,2.8,0.095,35,0.9994,3.1,0.61,10.8,449
11.9,0.39,0.69,2.8,0.095,35,0.9994,3.1,0.61,10.8,450
6.8,0.56,0.03,1.7,0.084,35,0.9968,3.44,0.63,10,452
10.4,0.33,0.63,2.8,0.084,22,0.9998,3.26,0.74,11.2,453
7,0.23,0.4,1.6,0.063,67,0.9952,3.5,0.63,11.1,454
11.3,0.62,0.67,5.2,0.086,19,0.9988,3.22,0.69,13.4,455
8.9,0.59,0.39,2.3,0.095,22,0.9986,3.37,0.58,10.3,456
9.2,0.63,0.21,2.7,0.097,65,0.9988,3.28,0.58,9.6,457
11.6,0.58,0.66,2.2,0.074,47,1.0008,3.25,0.57,9,459
9.2,0.43,0.52,2.3,0.083,23,0.9976,3.35,0.61,11.3,460
8.3,0.615,0.22,2.6,0.087,19,0.9982,3.26,0.61,9.3,461
11.5,0.315,0.54,2.1,0.084,15,0.9987,2.98,0.7,9.2,464
10.3,0.5,0.42,2,0.069,51,0.9982,3.16,0.72,11.5,466
8.8,0.46,0.45,2.6,0.065,18,0.9947,3.32,0.79,14,467
11.4,0.36,0.69,2.1,0.09,21,1,3.17,0.62,9.2,468
8.7,0.82,0.02,1.2,0.07,48,0.9952,3.2,0.58,9.8,469
13,0.32,0.65,2.6,0.093,47,0.9996,3.05,0.61,10.6,470
9.6,0.54,0.42,2.4,0.081,52,0.997,3.2,0.71,11.4,471
12.5,0.37,0.55,2.6,0.083,68,0.9995,3.15,0.82,10.4,472
9.6,0.68,0.24,2.2,0.087,28,0.9988,3.14,0.6,10.2,475
9.3,0.27,0.41,2,0.091,16,0.998,3.28,0.7,9.7,476
10.4,0.24,0.49,1.8,0.075,20,0.9977,3.18,1.06,11,477
9.4,0.685,0.11,2.7,0.077,31,0.9984,3.19,0.7,10.1,479
10.6,0.28,0.39,15.5,0.069,23,1.0026,3.12,0.66,9.2,480
9.4,0.3,0.56,2.8,0.08,17,0.9964,3.15,0.92,11.7,481
10.6,0.36,0.6,2.2,0.152,18,0.9986,3.04,1.06,9.4,483
10.2,0.67,0.39,1.9,0.054,17,0.9976,3.17,0.47,10,485
10.2,0.645,0.36,1.8,0.053,14,0.9982,3.17,0.42,10,487
9.3,0.39,0.4,2.6,0.073,26,0.9984,3.34,0.75,10.2,489
9.2,0.41,0.5,2.5,0.055,25,0.9952,3.34,0.79,13.3,491
8.9,0.4,0.51,2.6,0.052,27,0.995,3.32,0.9,13.4,492
8.7,0.69,0.31,3,0.086,81,1.0002,3.48,0.74,11.6,493
6.5,0.39,0.23,8.3,0.051,91,0.9952,3.44,0.55,12.1,494
10.7,0.35,0.53,2.6,0.07,16,0.9972,3.15,0.65,11,495
7.8,0.52,0.25,1.9,0.081,38,0.9984,3.43,0.65,9,496
7.2,0.34,0.32,2.5,0.09,113,0.9966,3.32,0.79,11.1,497
10.7,0.35,0.53,2.6,0.07,16,0.9972,3.15,0.65,11,498
8.7,0.69,0.31,3,0.086,81,1.0002,3.48,0.74,11.6,499
7.8,0.52,0.25,1.9,0.081,38,0.9984,3.43,0.65,9,500
10.4,0.44,0.73,6.55,0.074,76,0.999,3.17,0.85,12,501
10.4,0.44,0.73,6.55,0.074,76,0.999,3.17,0.85,12,502
10.5,0.24,0.42,1.8,0.077,22,0.9976,3.21,1.05,10.8,504
10.2,0.49,0.63,2.9,0.072,26,0.9968,3.16,0.78,12.5,505
10.4,0.24,0.46,1.8,0.075,21,0.9976,3.25,1.02,10.8,506
11.2,0.67,0.55,2.3,0.084,13,1,3.17,0.71,9.5,507
13.3,0.29,0.75,2.8,0.084,43,0.9986,3.04,0.68,11.4,509
10,0.59,0.31,2.2,0.09,62,0.9994,3.18,0.63,10.2,511
10.7,0.4,0.48,2.1,0.125,49,0.998,3.03,0.81,9.7,512
10.5,0.51,0.64,2.4,0.107,15,0.9973,3.09,0.66,11.8,513
10.5,0.51,0.64,2.4,0.107,15,0.9973,3.09,0.66,11.8,514
8.5,0.655,0.49,6.1,0.122,151,1.001,3.31,1.14,9.3,515
12.5,0.6,0.49,4.3,0.1,14,1.001,3.25,0.74,11.9,516
10.4,0.61,0.49,2.1,0.2,16,0.9994,3.16,0.63,8.4,517
9.8,0.25,0.49,2.7,0.088,33,0.9982,3.42,0.9,10,520
9.3,0.4,0.49,2.5,0.085,142,0.9978,3.22,0.55,9.4,523
9.2,0.43,0.49,2.4,0.086,116,0.9976,3.23,0.64,9.5,524
7,0.38,0.49,2.5,0.097,85,0.9962,3.39,0.77,11.4,527
9.9,0.63,0.24,2.4,0.077,33,0.9974,3.09,0.57,9.4,529
9.1,0.22,0.24,2.1,0.078,28,0.999,3.41,0.87,10.3,530
11.9,0.38,0.49,2.7,0.098,42,1.0004,3.16,0.61,10.3,531
11.9,0.38,0.49,2.7,0.098,42,1.0004,3.16,0.61,10.3,532
10.3,0.27,0.24,2.1,0.072,33,0.9956,3.22,0.66,12.8,533
10,0.48,0.24,2.7,0.102,32,1,3.28,0.56,10,534
9.1,0.22,0.24,2.1,0.078,28,0.999,3.41,0.87,10.3,535
9.9,0.63,0.24,2.4,0.077,33,0.9974,3.09,0.57,9.4,536
8.1,0.825,0.24,2.1,0.084,13,0.9972,3.37,0.77,10.7,537
12.9,0.35,0.49,5.8,0.066,35,1.0014,3.2,0.66,12,538
11.2,0.5,0.74,5.15,0.1,17,0.9996,3.22,0.62,11.2,539
9.2,0.59,0.24,3.3,0.101,47,0.9988,3.26,0.67,9.6,540
9.5,0.46,0.49,6.3,0.064,17,0.9988,3.21,0.73,11,541
9.3,0.715,0.24,2.1,0.07,20,0.9966,3.12,0.59,9.9,542
11.2,0.66,0.24,2.5,0.085,53,0.9993,3.06,0.72,11,543
14.3,0.31,0.74,1.8,0.075,15,1.0008,2.86,0.79,8.4,544
9.1,0.47,0.49,2.6,0.094,106,0.9982,3.08,0.59,9.1,545
7.5,0.55,0.24,2,0.078,28,0.9983,3.45,0.78,9.5,546
10.6,0.31,0.49,2.5,0.067,21,0.9987,3.26,0.86,10.7,547
12.4,0.35,0.49,2.6,0.079,69,0.9994,3.12,0.75,10.4,548
6.8,0.51,0.01,2.1,0.074,25,0.9958,3.33,0.56,9.5,550
9.4,0.43,0.24,2.8,0.092,45,0.998,3.19,0.73,10,551
9.5,0.46,0.24,2.7,0.092,44,0.998,3.12,0.74,10,552
5,1.04,0.24,1.6,0.05,96,0.9934,3.74,0.62,11.5,553
15.5,0.645,0.49,4.2,0.095,23,1.00315,2.92,0.74,11.1,554
10.9,0.53,0.49,4.6,0.118,17,1.0002,3.07,0.56,11.7,556
15.6,0.645,0.49,4.2,0.095,23,1.00315,2.92,0.74,11.1,557
13,0.47,0.49,4.3,0.085,47,1.0021,3.3,0.68,12.7,559
12.7,0.6,0.49,2.8,0.075,19,0.9994,3.14,0.57,11.4,560
9,0.54,0.49,2.9,0.094,110,0.9982,3.08,0.61,9.2,562
7.6,0.29,0.49,2.7,0.092,60,0.9971,3.31,0.61,10.1,563
13,0.47,0.49,4.3,0.085,47,1.0021,3.3,0.68,12.7,564
12.7,0.6,0.49,2.8,0.075,19,0.9994,3.14,0.57,11.4,565
8.7,0.7,0.24,2.5,0.226,15,0.9991,3.32,0.6,9,567
9.8,0.5,0.49,2.6,0.25,20,0.999,3.31,0.79,10.7,568
6.2,0.36,0.24,2.2,0.095,42,0.9946,3.57,0.57,11.7,569
11.5,0.35,0.49,3.3,0.07,37,1.0003,3.32,0.91,11,570
10.2,0.24,0.49,2.4,0.075,28,0.9978,3.14,0.61,10.4,572
9.9,0.5,0.24,2.3,0.103,14,0.9978,3.34,0.52,10,576
8.8,0.44,0.49,2.8,0.083,111,0.9982,3.3,0.6,9.5,577
8.8,0.47,0.49,2.9,0.085,110,0.9982,3.29,0.6,9.8,578
10.6,0.31,0.49,2.2,0.063,40,0.9976,3.14,0.51,9.8,579
12.3,0.5,0.49,2.2,0.089,14,1.0002,3.19,0.44,9.6,580
12.3,0.5,0.49,2.2,0.089,14,1.0002,3.19,0.44,9.6,581
12,0.28,0.49,1.9,0.074,21,0.9976,2.98,0.66,9.9,583
7.3,0.73,0.24,1.9,0.108,102,0.9967,3.26,0.59,9.3,587
5,0.42,0.24,2,0.06,50,0.9917,3.72,0.74,14,588
9,0.45,0.49,2.6,0.084,75,0.9987,3.35,0.57,9.7,590
6.6,0.39,0.49,1.7,0.07,149,0.9922,3.12,0.5,11.5,591
9,0.45,0.49,2.6,0.084,75,0.9987,3.35,0.57,9.7,592
9.9,0.49,0.58,3.5,0.094,43,1.0004,3.29,0.58,9,593
8.9,0.595,0.41,7.9,0.086,109,0.9998,3.27,0.57,9.3,595
12.4,0.4,0.51,2,0.059,24,0.9994,3.04,0.6,9.3,596
8.5,0.585,0.18,2.1,0.078,30,0.9967,3.2,0.48,9.8,598
7.7,0.835,0,2.6,0.081,14,0.9975,3.3,0.52,9.3,602
8.3,0.58,0.13,2.9,0.096,63,0.9984,3.17,0.62,9.1,604
8.8,0.48,0.41,3.3,0.092,52,0.9982,3.31,0.53,10.5,607
10.1,0.65,0.37,5.1,0.11,65,1.0026,3.32,0.64,10.4,608
6.3,0.36,0.19,3.2,0.075,39,0.9956,3.56,0.52,12.7,609
8.8,0.24,0.54,2.5,0.083,57,0.9983,3.39,0.54,9.2,610
13.2,0.38,0.55,2.7,0.081,16,1.0006,2.98,0.54,9.4,611
7.5,0.64,0,2.4,0.077,29,0.9965,3.32,0.6,10,612
9.6,0.6,0.5,2.3,0.079,71,0.9997,3.5,0.57,9.7,616
11.5,0.31,0.51,2.2,0.079,28,0.9982,3.03,0.93,9.8,617
11.3,0.37,0.41,2.3,0.088,16,0.9988,3.09,0.8,9.3,619
8.3,0.54,0.24,3.4,0.076,112,0.9976,3.27,0.61,9.4,620
8.2,0.56,0.23,3.4,0.078,104,0.9976,3.28,0.62,9.4,621
10,0.58,0.22,1.9,0.08,32,0.9974,3.13,0.55,9.5,622
6.8,0.69,0,5.6,0.124,58,0.9997,3.46,0.72,10.2,625
8.8,0.6,0.29,2.2,0.098,15,0.9988,3.36,0.49,9.1,626
8.8,0.6,0.29,2.2,0.098,15,0.9988,3.36,0.49,9.1,627
8.7,0.54,0.26,2.5,0.097,31,0.9976,3.27,0.6,9.3,628
7.6,0.685,0.23,2.3,0.111,84,0.9964,3.21,0.61,9.3,629
8.7,0.54,0.26,2.5,0.097,31,0.9976,3.27,0.6,9.3,630
10.4,0.28,0.54,2.7,0.105,19,0.9988,3.25,0.63,9.5,631
7.6,0.41,0.14,3,0.087,43,0.9964,3.32,0.57,10.5,632
10.1,0.935,0.22,3.4,0.105,86,1.001,3.43,0.64,11.3,633
7.9,0.35,0.21,1.9,0.073,102,0.9964,3.27,0.58,9.5,634
8.7,0.84,0,1.4,0.065,33,0.9954,3.27,0.55,9.7,635
9.6,0.88,0.28,2.4,0.086,147,0.9979,3.24,0.53,9.4,636
9.5,0.885,0.27,2.3,0.084,145,0.9978,3.24,0.53,9.4,637
8.9,0.29,0.35,1.9,0.067,57,0.997,3.18,1.36,10.3,639
9.9,0.54,0.45,2.3,0.071,40,0.9991,3.39,0.62,9.4,640
9.9,0.54,0.45,2.3,0.071,40,0.9991,3.39,0.62,9.4,642
9.9,0.54,0.45,2.3,0.071,40,0.9991,3.39,0.62,9.4,644
8.3,0.845,0.01,2.2,0.07,14,0.9967,3.32,0.58,11,647
8.7,0.48,0.3,2.8,0.066,28,0.9964,3.33,0.67,11.2,648
6.7,0.42,0.27,8.6,0.068,148,0.9948,3.16,0.57,11.3,649
10.7,0.43,0.39,2.2,0.106,32,0.9986,2.89,0.5,9.6,650
15.9,0.36,0.65,7.5,0.096,71,0.9976,2.98,0.84,14.9,652
9.4,0.33,0.59,2.8,0.079,30,0.9976,3.12,0.54,12,653
8.6,0.47,0.47,2.4,0.074,29,0.9979,3.08,0.46,9.5,654
9.7,0.55,0.17,2.9,0.087,53,1.0004,3.14,0.61,9.4,655
10.7,0.43,0.39,2.2,0.106,32,0.9986,2.89,0.5,9.6,656
12,0.5,0.59,1.4,0.073,42,0.998,2.92,0.68,10.5,657
7.2,0.52,0.07,1.4,0.074,20,0.9973,3.32,0.81,9.6,658
7.2,0.52,0.07,1.4,0.074,20,0.9973,3.32,0.81,9.6,660
7.5,0.42,0.31,1.6,0.08,42,0.9978,3.31,0.64,9,661
7.2,0.57,0.06,1.6,0.076,27,0.9972,3.36,0.7,9.6,662
9.4,0.59,0.14,2,0.084,48,0.9981,3.14,0.56,9.7,665
8.3,0.49,0.36,1.8,0.222,16,0.998,3.18,0.6,9.5,666
11.3,0.34,0.45,2,0.082,15,0.9988,2.94,0.66,9.2,667
11.3,0.34,0.45,2,0.082,15,0.9988,2.94,0.66,9.2,669
8.2,0.73,0.21,1.7,0.074,13,0.9968,3.2,0.52,9.5,671
8.2,0.73,0.21,1.7,0.074,13,0.9968,3.2,0.52,9.5,673
10.8,0.4,0.41,2.2,0.084,17,0.9984,3.08,0.67,9.3,676
8.6,0.8,0.11,2.3,0.084,31,0.9979,3.4,0.48,9.9,677
8.3,0.78,0.1,2.6,0.081,87,0.9983,3.48,0.53,10,678
10.8,0.26,0.45,3.3,0.06,49,0.9972,3.13,0.54,9.6,679
8,0.45,0.23,2.2,0.094,29,0.9962,3.21,0.49,10.2,681
8.5,0.46,0.31,2.25,0.078,58,0.998,3.33,0.54,9.8,682
8.1,0.78,0.23,2.6,0.059,15,0.997,3.37,0.56,11.3,683
9.8,0.98,0.32,2.3,0.078,152,0.998,3.25,0.48,9.4,684
8.1,0.78,0.23,2.6,0.059,15,0.997,3.37,0.56,11.3,685
7.7,0.66,0.04,1.6,0.039,9,0.9962,3.4,0.47,9.4,688
8.1,0.38,0.48,1.8,0.157,17,0.9976,3.3,1.05,9.4,689
9.2,0.92,0.24,2.6,0.087,93,0.9998,3.48,0.54,9.8,691
8.6,0.49,0.51,2,0.422,62,0.9979,3.03,1.17,9,692
9,0.48,0.32,2.8,0.084,122,0.9984,3.32,0.62,9.4,693
9,0.47,0.31,2.7,0.084,125,0.9984,3.31,0.61,9.4,694
5.1,0.47,0.02,1.3,0.034,44,0.9921,3.9,0.62,12.8,695
7,0.65,0.02,2.1,0.066,25,0.9972,3.47,0.67,9.5,697
9.4,0.615,0.28,3.2,0.087,72,1.0001,3.31,0.53,9.7,698
11.8,0.38,0.55,2.1,0.071,19,0.9986,3.11,0.62,10.8,699
10.6,1.02,0.43,2.9,0.076,88,0.9984,3.08,0.57,10.1,700
7,0.65,0.02,2.1,0.066,25,0.9972,3.47,0.67,9.5,701
7,0.64,0.02,2.1,0.067,23,0.997,3.47,0.67,9.4,702
7.5,0.38,0.48,2.6,0.073,84,0.9972,3.32,0.7,9.6,703
9.1,0.765,0.04,1.6,0.078,14,0.998,3.29,0.54,9.7,704
8.4,1.035,0.15,6,0.073,54,0.999,3.37,0.49,9.9,705
7,0.78,0.08,2,0.093,19,0.9956,3.4,0.47,10,706
7.4,0.49,0.19,3,0.077,37,0.9966,3.37,0.51,10.5,707
7.8,0.545,0.12,2.5,0.068,35,0.996,3.34,0.61,11.6,708
10.6,1.025,0.43,2.8,0.08,84,0.9985,3.06,0.57,10.1,710
8.9,0.565,0.34,3,0.093,112,0.9998,3.38,0.61,9.5,711
9.9,0.74,0.28,2.6,0.078,77,0.998,3.28,0.51,9.8,714
7.6,0.46,0.11,2.6,0.079,49,0.9968,3.21,0.57,10,717
8.4,0.56,0.04,2,0.082,22,0.9976,3.22,0.44,9.6,718
7.1,0.66,0,3.9,0.086,45,0.9976,3.46,0.54,9.5,719
8.4,0.56,0.04,2,0.082,22,0.9976,3.22,0.44,9.6,720
8.9,0.48,0.24,2.85,0.094,106,0.9982,3.1,0.53,9.2,721
7.1,0.31,0.3,2.2,0.053,127,0.9965,2.94,1.62,9.5,723
9,0.66,0.17,3,0.077,13,0.9976,3.29,0.55,10.4,725
8.1,0.72,0.09,2.8,0.084,49,0.9994,3.43,0.72,11.1,726
6.4,0.57,0.02,1.8,0.067,11,0.997,3.46,0.68,9.5,727
6.4,0.57,0.02,1.8,0.067,11,0.997,3.46,0.68,9.5,728
6.4,0.865,0.03,3.2,0.071,58,0.995,3.61,0.49,12.7,729
9.5,0.55,0.66,2.3,0.387,37,0.9982,3.17,0.67,9.6,730
8.9,0.875,0.13,3.45,0.088,14,0.9994,3.44,0.52,11.5,731
7.3,0.835,0.03,2.1,0.092,19,0.9966,3.39,0.47,9.6,732
7,0.45,0.34,2.7,0.082,72,0.998,3.55,0.6,9.5,733
7.7,0.56,0.2,2,0.075,39,0.9987,3.48,0.62,9.3,734
7.7,0.965,0.1,2.1,0.112,22,0.9963,3.26,0.5,9.5,736
8.2,0.59,0,2.5,0.093,58,1.0002,3.5,0.65,9.3,737
9,0.69,0,2.4,0.088,38,0.999,3.35,0.6,9.3,739
8.3,0.76,0.29,4.2,0.075,16,0.9965,3.45,0.68,11.5,740
7.9,0.72,0.01,1.9,0.076,32,0.99668,3.39,0.54,9.6,769
7.1,0.59,0.02,2.3,0.082,94,0.99744,3.55,0.53,9.7,770
9.4,0.685,0.26,2.4,0.082,143,0.9978,3.28,0.55,9.4,771
9.5,0.57,0.27,2.3,0.082,144,0.99782,3.27,0.55,9.4,772
7.9,0.4,0.29,1.8,0.157,44,0.9973,3.3,0.92,9.5,773
7.2,1,0,3,0.102,16,0.99586,3.43,0.46,10,775
6.9,0.635,0.17,2.4,0.241,18,0.9961,3.4,0.59,10.3,777
8.3,0.43,0.3,3.4,0.079,34,0.99788,3.36,0.61,10.5,778
7.1,0.52,0.03,2.6,0.076,92,0.99745,3.5,0.6,9.8,779
7,0.57,0,2,0.19,45,0.99676,3.31,0.6,9.4,780
6.5,0.46,0.14,2.4,0.114,37,0.99732,3.66,0.65,9.8,781
7.1,0.59,0.01,2.5,0.077,85,0.99746,3.55,0.59,9.8,784
9.9,0.35,0.41,2.3,0.083,61,0.9982,3.21,0.5,9.5,785
10,0.56,0.24,2.2,0.079,58,0.9991,3.18,0.56,10.1,787
10,0.56,0.24,2.2,0.079,58,0.9991,3.18,0.56,10.1,788
8.6,0.63,0.17,2.9,0.099,119,0.998,3.09,0.52,9.3,789
7.4,0.37,0.43,2.6,0.082,82,0.99708,3.33,0.68,9.7,790
8.8,0.64,0.17,2.9,0.084,130,0.99818,3.23,0.54,9.6,791
7.1,0.61,0.02,2.5,0.081,87,0.99745,3.48,0.6,9.7,792
7.7,0.6,0,2.6,0.055,13,0.99639,3.38,0.56,10.8,793
10.1,0.27,0.54,2.3,0.065,26,0.99531,3.17,0.53,12.5,794
10.8,0.89,0.3,2.6,0.132,60,0.99786,2.99,1.18,10.2,795
8.7,0.46,0.31,2.5,0.126,64,0.99746,3.1,0.74,9.6,796
9.3,0.37,0.44,1.6,0.038,42,0.99526,3.24,0.81,10.8,797
9.4,0.5,0.34,3.6,0.082,14,0.9987,3.29,0.52,10.7,799
8.6,0.55,0.09,3.3,0.068,17,0.99735,3.23,0.44,10,801
5.1,0.585,0,1.7,0.044,86,0.99264,3.56,0.94,12.9,802
7.7,0.56,0.08,2.5,0.114,46,0.9971,3.24,0.66,9.6,803
8.4,0.52,0.22,2.7,0.084,18,0.99682,3.26,0.57,9.9,804
8.4,0.25,0.39,2,0.041,10,0.99386,3.27,0.71,12.5,806
7.4,0.53,0.12,1.9,0.165,12,0.99702,3.26,0.86,9.2,808
7.6,0.48,0.31,2.8,0.07,15,0.99693,3.22,0.55,10.3,809
7.3,0.49,0.1,2.6,0.068,14,0.99562,3.3,0.47,10.5,810
12.9,0.5,0.55,2.8,0.072,24,1.00012,3.09,0.68,10.9,811
6.9,0.39,0.24,2.1,0.102,7,0.99462,3.44,0.58,11.4,813
12.6,0.41,0.54,2.8,0.103,41,0.99939,3.21,0.76,11.3,814
9.1,0.66,0.15,3.2,0.097,59,0.99976,3.28,0.54,9.6,819
7,0.685,0,1.9,0.099,22,0.99606,3.34,0.6,9.7,820
4.9,0.42,0,2.1,0.048,42,0.99154,3.71,0.74,14,821
6.7,0.54,0.13,2,0.076,36,0.9973,3.61,0.64,9.8,823
7.1,0.48,0.28,2.8,0.068,16,0.99682,3.24,0.53,10.3,824
7.5,0.27,0.34,2.3,0.05,8,0.9951,3.4,0.64,11,826
7.1,0.46,0.14,2.8,0.076,37,0.99624,3.36,0.49,10.7,827
7.5,0.685,0.07,2.5,0.058,9,0.99632,3.38,0.55,10.9,830
5.9,0.61,0.08,2.1,0.071,24,0.99376,3.56,0.77,11.1,831
11.6,0.47,0.44,1.6,0.147,51,0.99836,3.38,0.86,9.9,833
6.7,0.28,0.28,2.4,0.012,100,0.99064,3.26,0.39,11.7,836
6.7,0.28,0.28,2.4,0.012,100,0.99064,3.26,0.39,11.7,837
10.1,0.31,0.35,1.6,0.075,28,0.99672,3.24,0.83,11.2,838
6.6,0.66,0,3,0.115,31,0.99629,3.45,0.63,10.3,841
10.6,0.5,0.45,2.6,0.119,68,0.99708,3.23,0.72,10.9,842
7.1,0.685,0.35,2,0.088,92,0.9963,3.28,0.62,9.4,843
6.4,0.64,0.21,1.8,0.081,31,0.99689,3.59,0.66,9.8,846
7.4,0.68,0.16,1.8,0.078,39,0.9977,3.5,0.7,9.9,847
6.4,0.64,0.21,1.8,0.081,31,0.99689,3.59,0.66,9.8,848
9.3,0.43,0.44,1.9,0.085,22,0.99708,3.28,0.55,9.5,850
9.3,0.43,0.44,1.9,0.085,22,0.99708,3.28,0.55,9.5,851
9.3,0.36,0.39,1.5,0.08,55,0.99652,3.47,0.73,10.9,853
9.3,0.36,0.39,1.5,0.08,55,0.99652,3.47,0.73,10.9,854
9.3,0.36,0.39,1.5,0.08,55,0.99652,3.47,0.73,10.9,856
8.2,0.26,0.34,2.5,0.073,47,0.99594,3.4,0.78,11.3,857
11.7,0.28,0.47,1.7,0.054,32,0.99686,3.15,0.67,10.6,858
7.2,0.62,0.06,2.7,0.077,85,0.99746,3.51,0.54,9.5,860
7.5,0.42,0.32,2.7,0.067,25,0.99628,3.24,0.44,10.4,862
7.2,0.62,0.06,2.5,0.078,84,0.99746,3.51,0.53,9.7,863
7.2,0.635,0.07,2.6,0.077,86,0.99748,3.51,0.54,9.7,865
6.9,0.56,0.03,1.5,0.086,46,0.99522,3.53,0.57,10.6,871
7.3,0.35,0.24,2,0.067,48,0.99576,3.43,0.54,10,872
8.8,0.31,0.4,2.8,0.109,16,0.99614,3.31,0.79,11.8,875
7.7,0.715,0.01,2.1,0.064,43,0.99371,3.41,0.57,11.8,877
7.6,0.715,0,2.1,0.068,35,0.99533,3.48,0.65,11.4,881
8.4,0.31,0.29,3.1,0.194,26,0.99536,3.22,0.78,12,882
8.8,0.61,0.19,4,0.094,69,0.99787,3.22,0.5,10,884
8.9,0.75,0.14,2.5,0.086,30,0.99824,3.34,0.64,10.5,885
9,0.8,0.12,2.4,0.083,28,0.99836,3.33,0.65,10.4,886
6.8,0.57,0,2.5,0.072,64,0.99491,3.43,0.56,11.2,888
10.7,0.9,0.34,6.6,0.112,99,1.00289,3.22,0.68,9.3,889
7.2,0.66,0.03,2.3,0.078,86,0.99743,3.53,0.57,9.7,891
10.1,0.45,0.23,1.9,0.082,18,0.99774,3.22,0.65,9.3,892
7.2,0.66,0.03,2.3,0.078,86,0.99743,3.53,0.57,9.7,893
7.2,0.63,0.03,2.2,0.08,88,0.99745,3.53,0.58,9.8,894
7.1,0.59,0.01,2.3,0.08,43,0.9955,3.42,0.58,10.7,895
8.3,0.31,0.39,2.4,0.078,43,0.99444,3.31,0.77,12.5,896
7.1,0.59,0.01,2.3,0.08,43,0.9955,3.42,0.58,10.7,897
8.3,0.31,0.39,2.4,0.078,43,0.99444,3.31,0.77,12.5,898
8.9,0.31,0.36,2.6,0.056,39,0.99562,3.4,0.69,11.8,900
7.4,0.635,0.1,2.4,0.08,33,0.99736,3.58,0.69,10.8,901
7.4,0.635,0.1,2.4,0.08,33,0.99736,3.58,0.69,10.8,902
6.8,0.59,0.06,6,0.06,18,0.9962,3.41,0.59,10.8,904
7.2,0.54,0.27,2.6,0.084,78,0.9964,3.39,0.71,11,906
6.1,0.56,0,2.2,0.079,9,0.9948,3.59,0.54,11.5,907
7.4,0.52,0.13,2.4,0.078,61,0.99528,3.43,0.59,10.8,908
9.3,0.38,0.48,3.8,0.132,11,0.99577,3.23,0.57,13.2,910
9.1,0.28,0.46,9,0.114,9,0.99901,3.18,0.6,10.9,911
10,0.46,0.44,2.9,0.065,8,0.99674,3.33,0.62,12.2,912
8.6,0.315,0.4,2.2,0.079,6,0.99512,3.27,0.67,11.9,915
5.3,0.715,0.19,1.5,0.161,62,0.99395,3.62,0.61,11,916
6.8,0.41,0.31,8.8,0.084,45,0.99824,3.38,0.64,10.1,917
8.4,0.36,0.32,2.2,0.081,79,0.9964,3.3,0.72,11,918
8.4,0.62,0.12,1.8,0.072,46,0.99504,3.38,0.89,11.8,919
9.6,0.41,0.37,2.3,0.091,23,0.99786,3.24,0.56,10.5,920
8.4,0.62,0.12,1.8,0.072,46,0.99504,3.38,0.89,11.8,922
8.6,0.47,0.27,2.3,0.055,28,0.99516,3.18,0.8,11.2,924
8.6,0.22,0.36,1.9,0.064,77,0.99604,3.47,0.87,11,925
9.4,0.24,0.33,2.3,0.061,73,0.99786,3.47,0.9,10.2,926
8.4,0.67,0.19,2.2,0.093,75,0.99736,3.2,0.59,9.2,927
8.6,0.47,0.27,2.3,0.055,28,0.99516,3.18,0.8,11.2,928
8.7,0.33,0.38,3.3,0.063,19,0.99468,3.3,0.73,12,929
7.4,0.61,0.01,2,0.074,38,0.99748,3.48,0.65,9.8,931
7.6,0.4,0.29,1.9,0.078,66,0.9971,3.45,0.59,9.5,932
6.6,0.61,0.01,1.9,0.08,25,0.99746,3.69,0.73,10.5,934
8.8,0.3,0.38,2.3,0.06,72,0.99543,3.39,0.72,11.8,936
6.2,0.46,0.17,1.6,0.073,11,0.99425,3.61,0.54,11.4,939
9.9,0.27,0.49,5,0.082,17,0.99484,3.19,0.52,12.5,941
10.1,0.43,0.4,2.6,0.092,52,0.99834,3.22,0.64,10,942
8.3,0.3,0.49,3.8,0.09,24,0.99498,3.27,0.64,12.1,944
10.2,0.44,0.58,4.1,0.092,24,0.99745,3.29,0.99,12,946
8.3,0.28,0.48,2.1,0.093,12,0.99408,3.26,0.62,12.4,947
8.9,0.12,0.45,1.8,0.075,21,0.99552,3.41,0.76,11.9,949
8.9,0.12,0.45,1.8,0.075,21,0.99552,3.41,0.76,11.9,950
8.3,0.28,0.48,2.1,0.093,12,0.99408,3.26,0.62,12.4,951
8.2,0.31,0.4,2.2,0.058,10,0.99536,3.31,0.68,11.2,952
10.2,0.34,0.48,2.1,0.052,9,0.99458,3.2,0.69,12.1,953
8.5,0.21,0.52,1.9,0.09,23,0.99648,3.36,0.67,10.4,955
9,0.36,0.52,2.1,0.111,10,0.99568,3.31,0.62,11.3,956
6.4,0.57,0.12,2.3,0.12,36,0.99519,3.47,0.71,11.3,958
8.5,0.47,0.27,1.9,0.058,38,0.99518,3.16,0.85,11.1,960
7.1,0.56,0.14,1.6,0.078,18,0.99592,3.27,0.62,9.3,961
6.6,0.57,0.02,2.1,0.115,16,0.99654,3.38,0.69,9.5,962
8.5,0.47,0.27,1.9,0.058,38,0.99518,3.16,0.85,11.1,964
8.5,0.66,0.2,2.1,0.097,113,0.99733,3.13,0.48,9.2,967
9,0.4,0.43,2.4,0.068,46,0.9943,3.2,0.6,12.2,968
10.4,0.26,0.48,1.9,0.066,10,0.99724,3.33,0.87,10.9,971
8.8,0.33,0.41,5.9,0.073,13,0.99658,3.3,0.62,12.1,974
7.2,0.41,0.3,2.1,0.083,72,0.997,3.44,0.52,9.4,975
8.4,0.59,0.29,2.6,0.109,119,0.99801,3.15,0.5,9.1,977
7,0.4,0.32,3.6,0.061,29,0.99416,3.28,0.49,11.3,978
9.1,0.5,0.3,1.9,0.065,17,0.99774,3.32,0.71,10.5,980
9.5,0.86,0.26,1.9,0.079,28,0.99712,3.25,0.62,10,981
7.3,0.52,0.32,2.1,0.07,70,0.99418,3.34,0.82,12.9,982
9.1,0.5,0.3,1.9,0.065,17,0.99774,3.32,0.71,10.5,983
7.4,0.58,0,2,0.064,11,0.99562,3.45,0.58,11.3,985
7.1,0.36,0.3,1.6,0.08,70,0.99693,3.44,0.5,9.4,987
7.7,0.39,0.12,1.7,0.097,27,0.99596,3.16,0.49,9.4,988
9.7,0.295,0.4,1.5,0.073,21,0.99556,3.14,0.51,10.9,989
7.7,0.39,0.12,1.7,0.097,27,0.99596,3.16,0.49,9.4,990
7.1,0.34,0.28,2,0.082,68,0.99694,3.45,0.48,9.4,991
7.1,0.34,0.28,2,0.082,68,0.99694,3.45,0.48,9.4,993
7.7,0.6,0.06,2,0.079,41,0.99697,3.39,0.62,10.1,995
8.9,0.84,0.34,1.4,0.05,10,0.99554,3.12,0.48,9.1,998
6.4,0.69,0,1.65,0.055,12,0.99162,3.47,0.53,12.9,999
7.5,0.43,0.3,2.2,0.062,12,0.99495,3.44,0.72,11.5,1000
8.2,0.43,0.29,1.6,0.081,45,0.99603,3.25,0.54,10.3,1004
6.8,0.36,0.32,1.8,0.067,8,0.9928,3.36,0.55,12.8,1005
9.1,0.29,0.33,2.05,0.063,27,0.99516,3.26,0.84,11.7,1006
9.1,0.3,0.34,2,0.064,25,0.99516,3.26,0.84,11.7,1007
8.9,0.35,0.4,3.6,0.11,24,0.99549,3.23,0.7,12,1008
8.9,0.28,0.45,1.7,0.067,12,0.99354,3.25,0.55,12.3,1010
8.9,0.32,0.31,2,0.088,19,0.9957,3.17,0.55,10.4,1011
7.7,1.005,0.15,2.1,0.102,32,0.99604,3.23,0.48,10,1012
7.5,0.71,0,1.6,0.092,31,0.99635,3.38,0.58,10,1013
8,0.58,0.16,2,0.12,7,0.99454,3.22,0.58,11.2,1014
8.9,0.38,0.4,2.2,0.068,28,0.99486,3.27,0.75,12.6,1016
8,0.18,0.37,0.9,0.049,109,0.99007,2.89,0.44,12.7,1018
7,0.5,0.14,1.8,0.078,23,0.99636,3.53,0.61,10.4,1019
11.3,0.36,0.66,2.4,0.123,8,0.99642,3.2,0.53,11.9,1020
11.3,0.36,0.66,2.4,0.123,8,0.99642,3.2,0.53,11.9,1021
7,0.51,0.09,2.1,0.062,9,0.99584,3.35,0.54,10.5,1022
8.2,0.32,0.42,2.3,0.098,9,0.99506,3.27,0.55,12.3,1023
7.7,0.58,0.01,1.8,0.088,18,0.99568,3.32,0.56,10.5,1024
8.6,0.83,0,2.8,0.095,43,0.99822,3.33,0.6,10.4,1025
7.9,0.31,0.32,1.9,0.066,36,0.99364,3.41,0.56,12.6,1026
6.4,0.795,0,2.2,0.065,52,0.99378,3.49,0.52,11.6,1027
7.7,0.58,0.01,1.8,0.088,18,0.99568,3.32,0.56,10.5,1029
8.1,0.82,0,4.1,0.095,14,0.99854,3.36,0.53,9.6,1032
8.9,0.745,0.18,2.5,0.077,48,0.99739,3.2,0.47,9.7,1034
10.1,0.37,0.34,2.4,0.085,17,0.99683,3.17,0.65,10.6,1035
7.6,0.31,0.34,2.5,0.082,35,0.99356,3.22,0.59,12.5,1036
8.7,0.41,0.41,6.2,0.078,42,0.9953,3.24,0.77,12.6,1038
8.9,0.5,0.21,2.2,0.088,39,0.99692,3.33,0.83,11.1,1039
6.9,0.49,0.19,1.7,0.079,26,0.99547,3.38,0.64,9.8,1041
6.4,0.39,0.33,3.3,0.046,53,0.99294,3.36,0.62,12.2,1044
6.9,0.44,0,1.4,0.07,38,0.99438,3.32,0.58,11.4,1045
7.6,0.78,0,1.7,0.076,45,0.99612,3.31,0.62,10.7,1046
7.1,0.43,0.17,1.8,0.082,51,0.99634,3.49,0.64,10.4,1047
9.3,0.49,0.36,1.7,0.081,14,0.99702,3.27,0.78,10.9,1048
9.3,0.5,0.36,1.8,0.084,17,0.99704,3.27,0.77,10.8,1049
8.5,0.46,0.59,1.4,0.414,45,0.99702,3.03,1.34,9.2,1051
5.6,0.605,0.05,2.4,0.073,25,0.99258,3.56,0.55,12.9,1052
8.3,0.33,0.42,2.3,0.07,20,0.99426,3.38,0.77,12.7,1053
8.2,0.64,0.27,2,0.095,77,0.99747,3.13,0.62,9.1,1055
8.9,0.48,0.53,4,0.101,10,0.99586,3.21,0.59,12.1,1056
7.6,0.42,0.25,3.9,0.104,90,0.99784,3.15,0.57,9.1,1057
9.9,0.53,0.57,2.4,0.093,52,0.9971,3.19,0.76,11.6,1058
8.9,0.48,0.53,4,0.101,10,0.99586,3.21,0.59,12.1,1059
11.6,0.23,0.57,1.8,0.074,8,0.9981,3.14,0.7,9.9,1060
9.1,0.4,0.5,1.8,0.071,16,0.99462,3.21,0.69,12.5,1061
8,0.38,0.44,1.9,0.098,15,0.9956,3.3,0.64,11.4,1062
10.2,0.29,0.65,2.4,0.075,17,0.99565,3.22,0.63,11.8,1063
8.2,0.74,0.09,2,0.067,10,0.99418,3.28,0.57,11.8,1064
7.7,0.61,0.18,2.4,0.083,20,0.9963,3.29,0.6,10.2,1065
6.6,0.52,0.08,2.4,0.07,26,0.99358,3.4,0.72,12.5,1066
11.1,0.31,0.53,2.2,0.06,10,0.99572,3.02,0.83,10.9,1067
8,0.62,0.35,2.8,0.086,52,0.997,3.31,0.62,10.8,1069
9.3,0.33,0.45,1.5,0.057,37,0.99498,3.18,0.89,11.1,1070
7.5,0.77,0.2,8.1,0.098,92,0.99892,3.2,0.58,9.2,1071
8,0.62,0.33,2.7,0.088,37,0.9972,3.31,0.58,10.7,1073
9.9,0.32,0.56,2,0.073,8,0.99534,3.15,0.73,11.4,1076
8.6,0.37,0.65,6.4,0.08,8,0.99817,3.27,0.58,11,1078
7.9,0.3,0.68,8.3,0.05,278,0.99316,3.01,0.51,12.3,1079
7.9,0.3,0.68,8.3,0.05,289,0.99316,3.01,0.51,12.3,1081
7.2,0.38,0.3,1.8,0.073,70,0.99685,3.42,0.59,9.5,1082
8.7,0.42,0.45,2.4,0.072,59,0.99617,3.33,0.77,12,1083
6.8,0.48,0.08,1.8,0.074,64,0.99529,3.12,0.49,9.6,1085
8.5,0.34,0.4,4.7,0.055,9,0.99738,3.38,0.66,11.6,1086
7.9,0.19,0.42,1.6,0.057,30,0.994,3.29,0.69,11.2,1087
11.6,0.41,0.54,1.5,0.095,41,0.99735,3.02,0.76,9.9,1088
11.6,0.41,0.54,1.5,0.095,41,0.99735,3.02,0.76,9.9,1089
10,0.26,0.54,1.9,0.083,74,0.99451,2.98,0.63,11.8,1090
7.9,0.34,0.42,2,0.086,19,0.99546,3.35,0.6,11.4,1091
7,0.54,0.09,2,0.081,16,0.99479,3.43,0.59,11.5,1092
9.2,0.31,0.36,2.2,0.079,31,0.99615,3.33,0.86,12,1093
6.6,0.725,0.09,5.5,0.117,17,0.99655,3.35,0.49,10.8,1094
6.6,0.725,0.09,5.5,0.117,17,0.99655,3.35,0.49,10.8,1096
8.6,0.52,0.38,1.5,0.096,18,0.99666,3.2,0.52,9.4,1099
8.4,0.34,0.42,2.1,0.072,36,0.99392,3.11,0.78,12.4,1100
7.4,0.49,0.27,2.1,0.071,25,0.99388,3.35,0.63,12,1101
7.4,0.49,0.27,2.1,0.071,25,0.99388,3.35,0.63,12,1103
8,0.48,0.34,2.2,0.073,25,0.9936,3.28,0.66,12.4,1104
6.3,0.57,0.28,2.1,0.048,49,0.99374,3.41,0.6,12.8,1105
9.1,0.3,0.41,2,0.068,24,0.99523,3.27,0.85,11.7,1107
8.1,0.78,0.1,3.3,0.09,13,0.99855,3.36,0.49,9.5,1108
10.8,0.47,0.43,2.1,0.171,66,0.9982,3.17,0.76,10.8,1109
8.3,0.53,0,1.4,0.07,14,0.99593,3.25,0.64,10,1110
5.4,0.42,0.27,2,0.092,55,0.99471,3.78,0.64,12.3,1111
7.9,0.33,0.41,1.5,0.056,35,0.99396,3.29,0.71,11,1112
5,0.4,0.5,4.3,0.046,80,0.9902,3.49,0.66,13.6,1114
7,0.69,0.07,2.5,0.091,21,0.99572,3.38,0.6,11.3,1115
7,0.69,0.07,2.5,0.091,21,0.99572,3.38,0.6,11.3,1116
7,0.69,0.07,2.5,0.091,21,0.99572,3.38,0.6,11.3,1117
7.1,0.39,0.12,2.1,0.065,24,0.99252,3.3,0.53,13.3,1118
5.6,0.66,0,2.5,0.066,15,0.99256,3.52,0.58,12.9,1119
7.9,0.54,0.34,2.5,0.076,17,0.99235,3.2,0.72,13.1,1120
6.3,0.47,0,1.4,0.055,33,0.9922,3.45,0.48,12.3,1122
8.8,0.24,0.35,1.7,0.055,27,0.99394,3.14,0.59,11.3,1125
6.3,0.76,0,2.9,0.072,52,0.99379,3.51,0.6,11.5,1127
10,0.43,0.33,2.7,0.095,89,0.9984,3.22,0.68,10,1128
9.1,0.6,0,1.9,0.058,10,0.9977,3.18,0.63,10.4,1130
7.4,0.36,0.34,1.8,0.075,38,0.9933,3.38,0.88,13.6,1132
7.2,0.48,0.07,5.5,0.089,18,0.99684,3.37,0.68,11.2,1133
8.5,0.28,0.35,1.7,0.061,15,0.99524,3.3,0.74,11.8,1134
8,0.25,0.43,1.7,0.067,50,0.9946,3.38,0.6,11.9,1135
10.4,0.52,0.45,2,0.08,13,0.99774,3.22,0.76,11.4,1136
7.5,0.41,0.15,3.7,0.104,94,0.99786,3.14,0.58,9.1,1138
8.2,0.51,0.24,2,0.079,86,0.99764,3.34,0.64,9.5,1139
7.3,0.4,0.3,1.7,0.08,79,0.9969,3.41,0.65,9.5,1140
8.2,0.38,0.32,2.5,0.08,71,0.99624,3.27,0.85,11,1141
6.9,0.45,0.11,2.4,0.043,12,0.99354,3.3,0.65,11.4,1142
7,0.22,0.3,1.8,0.065,20,0.99672,3.61,0.82,10,1143
7.3,0.32,0.23,2.3,0.066,70,0.99588,3.43,0.62,10.1,1144
8.2,0.2,0.43,2.5,0.076,51,0.99672,3.53,0.81,10.4,1145
7.8,0.5,0.12,1.8,0.178,21,0.996,3.28,0.87,9.8,1146
10,0.41,0.45,6.2,0.071,14,0.99702,3.21,0.49,11.8,1147
7.8,0.39,0.42,2,0.086,21,0.99526,3.39,0.66,11.6,1148
10,0.35,0.47,2,0.061,11,0.99585,3.23,0.52,12,1149
6.1,0.58,0.23,2.5,0.044,70,0.99352,3.46,0.65,12.5,1151
8.3,0.6,0.25,2.2,0.118,38,0.99616,3.15,0.53,9.8,1152
9.6,0.42,0.35,2.1,0.083,38,0.99622,3.23,0.66,11.1,1153
8.3,0.6,0.25,2.2,0.118,38,0.99616,3.15,0.53,9.8,1155
8.5,0.18,0.51,1.75,0.071,88,0.99524,3.33,0.76,11.8,1156
5.1,0.51,0.18,2.1,0.042,101,0.9924,3.46,0.87,12.9,1157
8.5,0.32,0.42,2.3,0.075,19,0.99434,3.14,0.71,11.8,1162
9,0.785,0.24,1.7,0.078,21,0.99692,3.29,0.67,10,1164
8.2,0.33,0.39,2.5,0.074,48,0.99528,3.32,0.88,12.4,1167
6.5,0.34,0.27,2.8,0.067,44,0.99384,3.21,0.56,12,1168
7.6,0.5,0.29,2.3,0.086,14,0.99502,3.32,0.62,11.5,1169
9.2,0.36,0.34,1.6,0.062,12,0.99667,3.2,0.67,10.5,1170
9.7,0.42,0.46,2.1,0.074,16,0.99649,3.27,0.74,12.3,1172
7.6,0.36,0.31,1.7,0.079,65,0.99716,3.46,0.62,9.5,1173
7.6,0.36,0.31,1.7,0.079,65,0.99716,3.46,0.62,9.5,1174
6.5,0.61,0,2.2,0.095,59,0.99541,3.61,0.7,11.5,1175
6.5,0.88,0.03,5.6,0.079,47,0.99572,3.58,0.5,11.2,1176
5.6,0.915,0,2.1,0.041,78,0.99346,3.68,0.73,11.4,1178
8.2,0.35,0.33,2.4,0.076,47,0.99599,3.27,0.81,11,1179
9.8,0.39,0.43,1.65,0.068,11,0.99478,3.19,0.46,11.4,1181
6.8,0.66,0.07,1.6,0.07,61,0.99572,3.29,0.6,9.3,1183
6.7,0.64,0.23,2.1,0.08,119,0.99538,3.36,0.7,10.9,1184
6.7,0.64,0.23,2.1,0.08,119,0.99538,3.36,0.7,10.9,1188
8.8,0.955,0.05,1.8,0.075,19,0.99616,3.3,0.44,9.6,1189
9.1,0.4,0.57,4.6,0.08,20,0.99652,3.28,0.57,12.5,1190
6.5,0.885,0,2.3,0.166,12,0.99551,3.56,0.51,10.8,1191
7.2,0.25,0.37,2.5,0.063,41,0.99439,3.52,0.8,12.4,1192
7,0.745,0.12,1.8,0.114,64,0.99588,3.22,0.59,9.5,1194
6.2,0.43,0.22,1.8,0.078,56,0.99633,3.52,0.6,9.5,1195
7.7,0.57,0.21,1.5,0.069,9,0.99458,3.16,0.54,9.8,1197
7.7,0.26,0.26,2,0.052,77,0.9951,3.15,0.79,10.9,1198
7.9,0.58,0.23,2.3,0.076,94,0.99686,3.21,0.58,9.5,1199
7.7,0.57,0.21,1.5,0.069,9,0.99458,3.16,0.54,9.8,1200
7.9,0.34,0.36,1.9,0.065,10,0.99419,3.27,0.54,11.2,1201
8.6,0.42,0.39,1.8,0.068,12,0.99516,3.35,0.69,11.7,1202
9.9,0.74,0.19,5.8,0.111,76,0.99878,3.14,0.55,9.4,1203
7.2,0.36,0.46,2.1,0.074,44,0.99534,3.4,0.85,11,1204
7.2,0.36,0.46,2.1,0.074,44,0.99534,3.4,0.85,11,1206
9.9,0.72,0.55,1.7,0.136,52,0.99752,3.35,0.94,10,1207
7.2,0.36,0.46,2.1,0.074,44,0.99534,3.4,0.85,11,1208
6.2,0.39,0.43,2,0.071,24,0.99428,3.45,0.87,11.2,1209
6.8,0.65,0.02,2.1,0.078,15,0.99498,3.35,0.62,10.4,1210
6.8,0.65,0.02,2.1,0.078,15,0.99498,3.35,0.62,10.4,1212
10.2,0.33,0.46,1.9,0.081,9,0.99628,3.1,0.48,10.4,1214
7.9,0.57,0.31,2,0.079,79,0.99677,3.29,0.69,9.5,1216
9,0.39,0.4,1.3,0.044,50,0.99478,3.2,0.83,10.9,1219
10.9,0.32,0.52,1.8,0.132,44,0.99734,3.28,0.77,11.5,1220
10.9,0.32,0.52,1.8,0.132,44,0.99734,3.28,0.77,11.5,1221
12.6,0.39,0.49,2.5,0.08,20,0.9992,3.07,0.82,10.3,1224
9.2,0.46,0.23,2.6,0.091,77,0.99922,3.15,0.51,9.4,1225
7.5,0.58,0.03,4.1,0.08,46,0.99592,3.02,0.47,9.2,1226
9,0.58,0.25,2,0.104,21,0.99769,3.27,0.72,9.6,1227
5.1,0.42,0,1.8,0.044,88,0.99157,3.68,0.73,13.6,1228
7.6,0.43,0.29,2.1,0.075,66,0.99718,3.4,0.64,9.5,1229
7.7,0.18,0.34,2.7,0.066,58,0.9947,3.37,0.78,11.8,1230
7.8,0.815,0.01,2.6,0.074,90,0.99621,3.38,0.62,10.8,1231
7.6,0.43,0.29,2.1,0.075,66,0.99718,3.4,0.64,9.5,1232
7.1,0.75,0.01,2.2,0.059,18,0.99242,3.39,0.4,12.8,1234
7.8,0.55,0,1.7,0.07,17,0.99659,3.26,0.64,9.4,1236
7.1,0.75,0.01,2.2,0.059,18,0.99242,3.39,0.4,12.8,1237
8.1,0.73,0,2.5,0.081,24,0.99798,3.38,0.46,9.6,1238
6.5,0.67,0,4.3,0.057,20,0.99488,3.45,0.56,11.8,1239
7.5,0.61,0.2,1.7,0.076,60,0.99494,3.1,0.4,9.3,1240
8.3,0.56,0.22,2.4,0.082,86,0.9983,3.37,0.62,9.5,1243
7.4,0.55,0.19,1.8,0.082,34,0.99655,3.49,0.68,10.5,1245
7.4,0.74,0.07,1.7,0.086,48,0.99502,3.12,0.48,10,1246
7.1,0.6,0.01,2.3,0.079,37,0.99514,3.4,0.61,10.9,1250
7.5,0.58,0.14,2.2,0.077,60,0.9963,3.28,0.59,9.8,1251
7.1,0.72,0,1.8,0.123,14,0.99627,3.45,0.58,9.8,1252
7.9,0.66,0,1.4,0.096,13,0.99569,3.43,0.58,9.5,1253
7.8,0.7,0.06,1.9,0.079,35,0.99628,3.4,0.69,10.9,1254
7.5,0.59,0.22,1.8,0.082,60,0.99499,3.1,0.42,9.2,1256
7,0.58,0.28,4.8,0.085,69,0.99633,3.32,0.7,11,1257
6.8,0.64,0,2.7,0.123,33,0.99538,3.44,0.63,11.3,1258
8.6,0.635,0.68,1.8,0.403,56,0.99632,3.02,1.15,9.3,1260
6.3,1.02,0,2,0.083,24,0.99437,3.59,0.55,11.2,1261
9.8,0.45,0.38,2.5,0.081,66,0.99726,3.15,0.58,9.8,1262
8.5,0.37,0.32,1.8,0.066,51,0.99456,3.38,0.72,11.8,1264
7.2,0.57,0.05,2.3,0.081,36,0.99564,3.38,0.6,10.3,1265
7.2,0.57,0.05,2.3,0.081,36,0.99564,3.38,0.6,10.3,1266
10.4,0.43,0.5,2.3,0.068,19,0.996,3.1,0.87,11.4,1267
6.9,0.41,0.31,2,0.079,51,0.99668,3.47,0.55,9.5,1268
5,0.38,0.01,1.6,0.048,60,0.99084,3.7,0.75,14,1270
7.3,0.44,0.2,1.6,0.049,64,0.9935,3.38,0.57,11.7,1271
5.9,0.46,0,1.9,0.077,44,0.99385,3.5,0.53,11.2,1272
7.5,0.58,0.2,2,0.073,44,0.99494,3.1,0.43,9.3,1273
7.8,0.58,0.13,2.1,0.102,36,0.9944,3.24,0.53,11.2,1274
8,0.715,0.22,2.3,0.075,81,0.99688,3.24,0.54,9.5,1275
8.5,0.4,0.4,6.3,0.05,10,0.99566,3.28,0.56,12,1276
7,0.69,0,1.9,0.114,10,0.99636,3.35,0.6,9.7,1277
8,0.715,0.22,2.3,0.075,81,0.99688,3.24,0.54,9.5,1278
9.8,0.3,0.39,1.7,0.062,9,0.9948,3.14,0.57,11.5,1279
7.1,0.46,0.2,1.9,0.077,54,0.9956,3.37,0.64,10.4,1280
7.1,0.46,0.2,1.9,0.077,54,0.9956,3.37,0.64,10.4,1281
7.9,0.765,0,2,0.084,22,0.99619,3.33,0.68,10.9,1282
8.7,0.63,0.28,2.7,0.096,69,0.99734,3.26,0.63,10.2,1283
7,0.42,0.19,2.3,0.071,36,0.99476,3.39,0.56,10.9,1284
11.3,0.37,0.5,1.8,0.09,47,0.99734,3.15,0.57,10.5,1285
7,0.6,0.3,4.5,0.068,110,0.99914,3.3,1.17,10.2,1288
7,0.6,0.3,4.5,0.068,110,0.99914,3.3,1.17,10.2,1289
7.6,0.74,0,1.9,0.1,12,0.99521,3.36,0.59,11,1290
8.2,0.635,0.1,2.1,0.073,60,0.99638,3.29,0.75,10.9,1291
5.9,0.395,0.13,2.4,0.056,28,0.99362,3.62,0.67,12.4,1292
6.6,0.63,0,4.3,0.093,77.5,0.99558,3.2,0.45,9.5,1296
7.2,0.53,0.14,2.1,0.064,29,0.99323,3.35,0.61,12.1,1297
5.7,0.6,0,1.4,0.063,18,0.99191,3.45,0.56,12.2,1298
7.6,1.58,0,2.1,0.137,9,0.99476,3.5,0.4,10.9,1299
5.2,0.645,0,2.15,0.08,28,0.99444,3.78,0.61,12.5,1300
6.7,0.86,0.07,2,0.1,57,0.99598,3.6,0.74,11.7,1301
9.1,0.37,0.32,2.1,0.064,15,0.99576,3.3,0.8,11.2,1302
7.6,0.79,0.21,2.3,0.087,68,0.9955,3.12,0.44,9.2,1304
7.5,0.61,0.26,1.9,0.073,88,0.99612,3.3,0.53,9.8,1305
9.7,0.69,0.32,2.5,0.088,91,0.9979,3.29,0.62,10.1,1306
7,0.62,0.1,1.4,0.071,63,0.996,3.28,0.61,9.2,1309
6.5,0.51,0.15,3,0.064,27,0.9929,3.33,0.59,12.8,1311
8,1.18,0.21,1.9,0.083,41,0.99532,3.34,0.47,10.5,1312
7.5,0.63,0.27,2,0.083,91,0.99616,3.26,0.58,9.8,1315
5.4,0.74,0,1.2,0.041,46,0.99258,4.01,0.59,12.5,1316
9.1,0.76,0.68,1.7,0.414,64,0.99652,2.9,1.33,9.1,1319
5,0.74,0,1.2,0.041,46,0.99258,4.01,0.59,12.5,1321
9.1,0.34,0.42,1.8,0.058,18,0.99392,3.18,0.55,11.4,1322
6.7,0.46,0.24,1.7,0.077,34,0.9948,3.39,0.6,10.6,1324
6.7,0.46,0.24,1.7,0.077,34,0.9948,3.39,0.6,10.6,1325
6.7,0.46,0.24,1.7,0.077,34,0.9948,3.39,0.6,10.6,1326
6.7,0.46,0.24,1.7,0.077,34,0.9948,3.39,0.6,10.6,1327
6.5,0.52,0.11,1.8,0.073,38,0.9955,3.34,0.52,9.3,1328
7.4,0.6,0.26,2.1,0.083,91,0.99616,3.29,0.56,9.8,1329
7.4,0.6,0.26,2.1,0.083,91,0.99616,3.29,0.56,9.8,1330
7.8,0.87,0.26,3.8,0.107,67,0.99668,3.26,0.46,9.2,1331
8.4,0.39,0.1,1.7,0.075,25,0.99581,3.09,0.43,9.7,1332
9.1,0.775,0.22,2.2,0.079,48,0.9976,3.18,0.51,9.6,1333
7.2,0.835,0,2,0.166,11,0.99608,3.39,0.52,10,1334
6.6,0.58,0.02,2.4,0.069,40,0.99387,3.38,0.66,12.6,1335
6,0.5,0,1.4,0.057,26,0.99448,3.36,0.45,9.5,1336
6,0.5,0,1.4,0.057,26,0.99448,3.36,0.45,9.5,1337
6,0.5,0,1.4,0.057,26,0.99448,3.36,0.45,9.5,1338
7.5,0.51,0.02,1.7,0.084,31,0.99538,3.36,0.54,10.5,1339
7.5,0.51,0.02,1.7,0.084,31,0.99538,3.36,0.54,10.5,1340
7.5,0.51,0.02,1.7,0.084,31,0.99538,3.36,0.54,10.5,1341
7.5,0.51,0.02,1.7,0.084,31,0.99538,3.36,0.54,10.5,1343
11.5,0.42,0.48,2.6,0.077,20,0.99852,3.09,0.53,11,1344
8.2,0.44,0.24,2.3,0.063,28,0.99613,3.25,0.53,10.2,1345
6.1,0.59,0.01,2.1,0.056,13,0.99472,3.52,0.56,11.4,1346
7.2,0.655,0.03,1.8,0.078,12,0.99587,3.34,0.39,9.5,1347
7.2,0.62,0.01,2.3,0.065,46,0.99332,3.32,0.51,11.8,1351
7.6,0.645,0.03,1.9,0.086,57,0.9969,3.37,0.46,10.3,1353
6.1,0.32,0.25,1.8,0.086,32,0.99464,3.36,0.44,10.1,1355
6.1,0.34,0.25,1.8,0.084,28,0.99464,3.36,0.44,10.1,1356
7.3,0.43,0.24,2.5,0.078,67,0.99648,3.6,0.59,11.1,1357
7.4,0.64,0.17,5.4,0.168,98,0.99736,3.28,0.5,9.5,1358
11.6,0.475,0.4,1.4,0.091,28,0.99704,3.07,0.65,10.03333333,1359
8.3,0.85,0.14,2.5,0.093,54,0.99724,3.36,0.54,10.1,1361
11.6,0.475,0.4,1.4,0.091,28,0.99704,3.07,0.65,10.03333333,1362
7.2,0.605,0.02,1.9,0.096,31,0.995,3.46,0.53,11.8,1364
7.3,0.74,0.08,1.7,0.094,45,0.99576,3.24,0.5,9.8,1366
6.9,0.54,0.3,2.2,0.088,105,0.99725,3.25,1.18,10.5,1367
8,0.77,0.32,2.1,0.079,74,0.99656,3.27,0.5,9.8,1368
8.7,0.78,0.51,1.7,0.415,66,0.99623,3,1.17,9.2,1370
7.5,0.58,0.56,3.1,0.153,14,0.99476,3.21,1.03,11.6,1371
8.7,0.78,0.51,1.7,0.415,66,0.99623,3,1.17,9.2,1372
8.2,0.885,0.2,1.4,0.086,31,0.9946,3.11,0.46,10,1376
7.2,0.45,0.15,2,0.078,28,0.99609,3.29,0.51,9.9,1378
7.5,0.57,0.02,2.6,0.077,35,0.99557,3.36,0.62,10.8,1379
7.5,0.57,0.02,2.6,0.077,35,0.99557,3.36,0.62,10.8,1380
8,0.6,0.22,2.1,0.08,105,0.99613,3.3,0.49,9.9,1382
8,0.6,0.22,2.1,0.08,105,0.99613,3.3,0.49,9.9,1383
7.1,0.755,0.15,1.8,0.107,84,0.99593,3.19,0.5,9.5,1384
8,0.81,0.25,3.4,0.076,85,0.99668,3.19,0.42,9.2,1385
7.4,0.64,0.07,1.8,0.1,23,0.9961,3.3,0.58,9.6,1386
6.6,0.64,0.31,6.1,0.083,49,0.99718,3.35,0.68,10.3,1388
6,0.49,0,2.3,0.068,33,0.99292,3.58,0.59,12.5,1390
8,0.64,0.22,2.4,0.094,33,0.99612,3.37,0.58,11,1391
7.1,0.62,0.06,1.3,0.07,12,0.9942,3.17,0.48,9.8,1392
8,0.52,0.25,2,0.078,59,0.99612,3.3,0.48,10.2,1393
8.6,0.685,0.1,1.6,0.092,12,0.99745,3.31,0.65,9.55,1395
8.7,0.675,0.1,1.6,0.09,11,0.99745,3.31,0.65,9.55,1396
7.3,0.59,0.26,2,0.08,104,0.99584,3.28,0.52,9.9,1397
7.2,0.67,0,2.2,0.068,24,0.9956,3.42,0.72,11.1,1399
7.9,0.69,0.21,2.1,0.08,141,0.9962,3.25,0.51,9.9,1400
7.6,0.3,0.42,2,0.052,24,0.9963,3.44,0.82,11.9,1402
7.2,0.33,0.33,1.7,0.061,13,0.996,3.23,1.1,10,1403
8,0.5,0.39,2.6,0.082,46,0.9985,3.43,0.62,10.7,1404
8.2,0.24,0.34,5.1,0.062,22,0.9974,3.22,0.94,10.9,1406
6,0.51,0,2.1,0.064,54,0.995,3.54,0.93,10.7,1407
8.1,0.29,0.36,2.2,0.048,53,0.995,3.27,1.01,12.4,1408
6,0.51,0,2.1,0.064,54,0.995,3.54,0.93,10.7,1409
6.6,0.96,0,1.8,0.082,16,0.9936,3.5,0.44,11.9,1410
6.4,0.47,0.4,2.4,0.071,19,0.9963,3.56,0.73,10.6,1411
8.2,0.24,0.34,5.1,0.062,22,0.9974,3.22,0.94,10.9,1412
9.9,0.57,0.25,2,0.104,89,0.9963,3.04,0.9,10.1,1413
10,0.32,0.59,2.2,0.077,15,0.9994,3.2,0.78,9.6,1414
6.2,0.58,0,1.6,0.065,18,0.9966,3.56,0.84,9.4,1415
10,0.32,0.59,2.2,0.077,15,0.9994,3.2,0.78,9.6,1416
7.3,0.34,0.33,2.5,0.064,37,0.9952,3.35,0.77,12.1,1417
7.8,0.53,0.01,1.6,0.077,19,0.995,3.16,0.46,9.8,1418
7.7,0.64,0.21,2.2,0.077,133,0.9956,3.27,0.45,9.9,1419
7.8,0.53,0.01,1.6,0.077,19,0.995,3.16,0.46,9.8,1420
7.5,0.4,0.18,1.6,0.079,58,0.9965,3.34,0.58,9.4,1421
7,0.54,0,2.1,0.079,55,0.9956,3.39,0.84,11.4,1422
6.4,0.53,0.09,3.9,0.123,31,0.9968,3.5,0.67,11,1423
7.6,0.41,0.33,2.5,0.078,23,0.9957,3.3,0.58,11.2,1427
7.8,0.64,0,1.9,0.072,55,0.9962,3.31,0.63,11,1428
7.9,0.18,0.4,2.2,0.049,67,0.996,3.33,0.93,11.3,1429
7.4,0.41,0.24,1.8,0.066,47,0.9956,3.37,0.62,10.4,1430
7.6,0.43,0.31,2.1,0.069,74,0.9958,3.26,0.54,9.9,1431
6.1,0.4,0.16,1.8,0.069,25,0.9955,3.42,0.74,10.1,1433
10.2,0.54,0.37,15.4,0.214,95,1.00369,3.18,0.77,9,1434
7.2,0.38,0.31,2,0.056,29,0.99472,3.23,0.76,11.3,1449
7.2,0.37,0.32,2,0.062,28,0.9947,3.23,0.73,11.3,1450
7.8,0.32,0.44,2.7,0.104,17,0.99732,3.33,0.78,11,1451
6.6,0.58,0.02,2,0.062,53,0.99374,3.35,0.76,11.6,1452
11.7,0.45,0.63,2.2,0.073,23,0.99974,3.21,0.69,10.9,1454
6.5,0.9,0,1.6,0.052,17,0.99467,3.5,0.63,10.9,1455
7.6,0.49,0.33,1.9,0.074,85,0.99706,3.41,0.58,9,1457
8.4,0.29,0.4,1.7,0.067,20,0.99603,3.39,0.6,10.5,1458
7.9,0.2,0.35,1.7,0.054,15,0.99458,3.32,0.8,11.9,1459
6.4,0.42,0.09,2.3,0.054,64,0.99724,3.41,0.68,10.4,1460
6.2,0.785,0,2.1,0.06,13,0.99664,3.59,0.61,10,1461
6.9,0.63,0.01,2.4,0.076,39,0.99522,3.34,0.53,10.8,1463
6.8,0.59,0.1,1.7,0.063,53,0.9958,3.41,0.67,9.7,1464
7.3,0.48,0.32,2.1,0.062,54,0.99728,3.3,0.65,10,1466
6.7,1.04,0.08,2.3,0.067,32,0.99648,3.52,0.57,11,1467
7.3,0.48,0.32,2.1,0.062,54,0.99728,3.3,0.65,10,1468
7.3,0.98,0.05,2.1,0.061,49,0.99705,3.31,0.55,9.7,1469
10,0.69,0.11,1.4,0.084,24,0.99578,2.88,0.47,9.7,1470
6.7,0.7,0.08,3.75,0.067,16,0.99334,3.43,0.52,12.6,1471
7.6,0.35,0.6,2.6,0.073,44,0.99656,3.38,0.79,11.1,1472
6.1,0.6,0.08,1.8,0.071,45,0.99336,3.38,0.54,11,1473
9.9,0.5,0.5,13.8,0.205,82,1.00242,3.16,0.75,8.8,1474
5.3,0.47,0.11,2.2,0.048,89,0.99182,3.54,0.88,13.56666667,1475
9.9,0.5,0.5,13.8,0.205,82,1.00242,3.16,0.75,8.8,1476
5.3,0.47,0.11,2.2,0.048,89,0.99182,3.54,0.88,13.6,1477
7.1,0.875,0.05,5.7,0.082,14,0.99808,3.4,0.52,10.2,1478
8.2,0.28,0.6,3,0.104,22,0.99828,3.39,0.68,10.6,1479
5.6,0.62,0.03,1.5,0.08,13,0.99498,3.66,0.62,10.1,1480
8.2,0.28,0.6,3,0.104,22,0.99828,3.39,0.68,10.6,1481
8.1,0.33,0.44,1.5,0.042,12,0.99542,3.35,0.61,10.7,1483
7,0.655,0.16,2.1,0.074,25,0.99606,3.37,0.55,9.7,1485
6.8,0.68,0.21,2.1,0.07,23,0.99546,3.38,0.6,10.3,1486
6,0.64,0.05,1.9,0.066,17,0.99496,3.52,0.78,10.6,1487
5.6,0.54,0.04,1.7,0.049,13,0.9942,3.72,0.58,11.4,1488
7.1,0.22,0.49,1.8,0.039,18,0.99344,3.39,0.56,12.4,1490
6.2,0.65,0.06,1.6,0.05,18,0.99348,3.57,0.54,11.95,1492
7.7,0.54,0.26,1.9,0.089,147,0.99636,3.26,0.59,9.7,1493
6.4,0.31,0.09,1.4,0.066,28,0.99459,3.42,0.7,10,1494
7,0.43,0.02,1.9,0.08,28,0.99492,3.35,0.81,10.6,1495
6.9,0.74,0.03,2.3,0.054,16,0.99508,3.45,0.63,11.5,1497
6.9,0.74,0.03,2.3,0.054,16,0.99508,3.45,0.63,11.5,1499
7.8,0.82,0.29,4.3,0.083,64,0.99642,3.16,0.53,9.4,1501
6.2,0.44,0.39,2.5,0.077,14,0.99555,3.51,0.69,11,1503
7.5,0.38,0.57,2.3,0.106,12,0.99605,3.36,0.55,11.4,1504
6.7,0.76,0.02,1.8,0.078,12,0.996,3.55,0.63,9.95,1505
6.8,0.81,0.05,2,0.07,14,0.99562,3.51,0.66,10.8,1506
7.5,0.38,0.57,2.3,0.106,12,0.99605,3.36,0.55,11.4,1507
7.1,0.27,0.6,2.1,0.074,25,0.99814,3.38,0.72,10.6,1508
7.9,0.18,0.4,1.8,0.062,20,0.9941,3.28,0.7,11.1,1509
6.4,0.36,0.21,2.2,0.047,48,0.99661,3.47,0.77,9.7,1510
7.1,0.69,0.04,2.1,0.068,27,0.99712,3.44,0.67,9.8,1511
6.9,0.84,0.21,4.1,0.074,65,0.99842,3.53,0.72,9.233333333,1514
6.9,0.84,0.21,4.1,0.074,65,0.99842,3.53,0.72,9.25,1515
6.5,0.53,0.06,2,0.063,44,0.99489,3.38,0.83,10.3,1517
7.4,0.47,0.46,2.2,0.114,20,0.99647,3.32,0.63,10.5,1518
6.6,0.7,0.08,2.6,0.106,27,0.99665,3.44,0.58,10.2,1519
6.1,0.32,0.25,2.3,0.071,58,0.99633,3.42,0.97,10.6,1522
6.8,0.48,0.25,2,0.076,61,0.9953,3.34,0.6,10.4,1523
6.7,0.48,0.08,2.1,0.064,34,0.99552,3.33,0.64,9.7,1525
6.8,0.47,0.08,2.2,0.064,38,0.99553,3.3,0.65,9.6,1526
7.9,0.29,0.49,2.2,0.096,59,0.99714,3.31,0.67,10.1,1528
7.1,0.69,0.08,2.1,0.063,52,0.99608,3.42,0.6,10.2,1529
6.6,0.44,0.09,2.2,0.063,18,0.99444,3.42,0.69,11.3,1530
6.1,0.705,0.1,2.8,0.081,28,0.99631,3.6,0.66,10.2,1531
7.2,0.53,0.13,2,0.058,22,0.99573,3.21,0.68,9.9,1532
8,0.39,0.3,1.9,0.074,84,0.99717,3.39,0.61,9,1533
6.6,0.56,0.14,2.4,0.064,29,0.99397,3.42,0.62,11.7,1534
7,0.55,0.13,2.2,0.075,35,0.9959,3.36,0.59,9.7,1535
6.2,0.64,0.09,2.5,0.081,26,0.99538,3.57,0.63,12,1538
6.2,0.52,0.08,4.4,0.071,32,0.99646,3.56,0.63,11.6,1540
8.4,0.37,0.43,2.3,0.063,19,0.9955,3.17,0.81,11.2,1544
6.5,0.63,0.33,1.8,0.059,28,0.99531,3.36,0.64,10.1,1545
7,0.57,0.02,2,0.072,26,0.99575,3.36,0.61,10.2,1546
11.2,0.4,0.5,2,0.099,50,0.99783,3.1,0.58,10.4,1548
7.4,0.36,0.3,1.8,0.074,24,0.99419,3.24,0.7,11.4,1549
7.1,0.67,0,2.3,0.083,27,0.99768,3.44,0.54,9.4,1551
6.3,0.68,0.01,3.7,0.103,54,0.99586,3.51,0.66,11.3,1552
7.3,0.735,0,2.2,0.08,28,0.99765,3.41,0.6,9.4,1553
7,0.56,0.17,1.7,0.065,24,0.99514,3.44,0.68,10.55,1555
6.6,0.88,0.04,2.2,0.066,20,0.99636,3.53,0.56,9.9,1556
6.6,0.855,0.02,2.4,0.062,23,0.99627,3.54,0.6,11,1557
6.9,0.63,0.33,6.7,0.235,115,0.99787,3.22,0.56,9.5,1558
7.8,0.6,0.26,2,0.08,131,0.99622,3.21,0.52,9.9,1559
7.8,0.6,0.26,2,0.08,131,0.99622,3.21,0.52,9.9,1560
7.8,0.6,0.26,2,0.08,131,0.99622,3.21,0.52,9.9,1561
7.2,0.695,0.13,2,0.076,20,0.99546,3.29,0.54,10.1,1562
7.2,0.695,0.13,2,0.076,20,0.99546,3.29,0.54,10.1,1563
6.7,0.67,0.02,1.9,0.061,42,0.99489,3.39,0.82,10.9,1565
6.7,0.16,0.64,2.1,0.059,52,0.99494,3.34,0.71,11.2,1566
7.2,0.695,0.13,2,0.076,20,0.99546,3.29,0.54,10.1,1567
7,0.56,0.13,1.6,0.077,42,0.99629,3.34,0.59,9.2,1568
6.2,0.51,0.14,1.9,0.056,34,0.99396,3.48,0.57,11.5,1569
6.4,0.36,0.53,2.2,0.23,35,0.9934,3.37,0.93,12.4,1570
6.4,0.38,0.14,2.2,0.038,25,0.99514,3.44,0.65,11.1,1571
7.3,0.69,0.32,2.2,0.069,104,0.99632,3.33,0.51,9.5,1572
6,0.58,0.2,2.4,0.075,50,0.99467,3.58,0.67,12.5,1573
7.5,0.52,0.4,2.2,0.06,20,0.99474,3.26,0.64,11.8,1575
8,0.3,0.63,1.6,0.081,29,0.99588,3.3,0.78,10.8,1576
6.2,0.7,0.15,5.1,0.076,27,0.99622,3.54,0.6,11.9,1577
6.8,0.67,0.15,1.8,0.118,20,0.9954,3.42,0.67,11.3,1578
7.4,0.35,0.33,2.4,0.068,26,0.9947,3.36,0.6,11.9,1580
6.1,0.715,0.1,2.6,0.053,27,0.99362,3.57,0.5,11.9,1582
6.2,0.46,0.29,2.1,0.074,98,0.99578,3.33,0.62,9.8,1583
6.7,0.32,0.44,2.4,0.061,34,0.99484,3.29,0.8,11.6,1584
7.5,0.31,0.41,2.4,0.065,60,0.99492,3.34,0.85,11.4,1586
5.8,0.61,0.11,1.8,0.066,28,0.99483,3.55,0.66,10.9,1587
6.3,0.55,0.15,1.8,0.077,35,0.99314,3.32,0.82,11.6,1590
5.4,0.74,0.09,1.7,0.089,26,0.99402,3.67,0.56,11.6,1591
6.3,0.51,0.13,2.3,0.076,40,0.99574,3.42,0.75,11,1592
6.8,0.62,0.08,1.9,0.068,38,0.99651,3.42,0.82,9.5,1593
6.2,0.6,0.08,2,0.09,44,0.9949,3.45,0.58,10.5,1594
5.9,0.55,0.1,2.2,0.062,51,0.99512,3.52,0.76,11.2,1595
5.9,0.645,0.12,2,0.075,44,0.99547,3.57,0.71,10.2,1597
